Transaction Id,Customer Id,Day,Month,Year,Place,Gender,Age,Category,Sub Category,Brand,Product Name,Variant,Quantity,Price Per Unit,Total Amount
1,C001,4,11,2024,Salem,Female,33,Clothing,Men,Puma,Puma Product,Red,5,912,4560
2,C002,14,10,2024,Salem,Male,23,Clothing,Men,Puma,Puma Product,Large,1,4797,4797
3,C003,23,4,2024,Trichy,Female,32,Sports,Equipment,Yonex,Yonex Product,256GB,2,3662,7324
4,C004,9,6,2024,Madurai,Male,39,Electronics,Laptop,Dell,Dell Product,Red,3,3017,9051
5,C005,9,10,2024,Salem,Female,52,Electronics,Mobile,Apple,Apple Product,Large,3,3162,9486
6,C006,7,10,2024,Salem,Male,60,Clothing,Women,Zara,Zara Product,256GB,2,1027,2054
7,C007,9,7,2024,Chennai,Female,28,Beauty,Haircare,Loreal,Loreal Product,128GB,3,784,2352
8,C008,21,10,2024,Madurai,Male,28,Sports,Equipment,SG,SG Product,128GB,5,1999,9995
9,C009,11,11,2024,Salem,Male,20,Beauty,Haircare,Dove,Dove Product,Red,2,4846,9692
10,C010,11,12,2024,Madurai,Female,43,Grocery,Food,Tata,Tata Product,Small,2,2220,4440
11,C011,18,12,2024,Trichy,Female,55,Sports,Equipment,SG,SG Product,Blue,2,4374,8748
12,C012,3,8,2024,Salem,Male,27,Grocery,Beverages,Pepsi,Pepsi Product,Large,1,3352,3352
13,C013,20,7,2024,Chennai,Female,53,Electronics,Accessories,Boat,Boat Product,Red,5,2385,11925
14,C014,11,11,2024,Salem,Female,45,Clothing,Women,Zara,Zara Product,128GB,3,4300,12900
15,C015,17,3,2024,Salem,Female,58,Home,Furniture,Ikea,Ikea Product,Small,2,4618,9236
16,C016,1,9,2024,Trichy,Female,49,Electronics,Laptop,Dell,Dell Product,256GB,3,2161,6483
17,C017,8,1,2024,Trichy,Male,23,Grocery,Food,Tata,Tata Product,256GB,5,1230,6150
18,C018,22,3,2024,Chennai,Male,34,Home,Kitchen,Prestige,Prestige Product,Large,2,2753,5506
19,C019,22,7,2024,Coimbatore,Female,51,Sports,Fitness,Decathlon,Decathlon Product,Blue,1,2969,2969
20,C020,19,1,2024,Trichy,Male,55,Clothing,Men,Nike,Nike Product,128GB,1,2075,2075
21,C021,2,2,2024,Coimbatore,Male,50,Clothing,Women,Forever21,Forever21 Product,Medium,2,4617,9234
22,C022,24,3,2024,Trichy,Female,33,Sports,Equipment,Yonex,Yonex Product,Red,1,3731,3731
23,C023,14,6,2024,Chennai,Female,21,Grocery,Beverages,CocaCola,CocaCola Product,Medium,3,1095,3285
24,C024,7,4,2024,Madurai,Female,26,Sports,Fitness,Decathlon,Decathlon Product,Medium,2,817,1634
25,C025,26,8,2024,Trichy,Male,21,Grocery,Beverages,CocaCola,CocaCola Product,256GB,2,1562,3124
26,C026,16,7,2024,Chennai,Male,43,Electronics,Laptop,Dell,Dell Product,Red,4,2372,9488
27,C027,10,8,2024,Chennai,Female,27,Clothing,Women,Zara,Zara Product,Red,5,4641,23205
28,C028,24,1,2024,Coimbatore,Male,21,Home,Kitchen,Prestige,Prestige Product,Red,5,856,4280
29,C029,3,3,2024,Trichy,Male,33,Sports,Fitness,Decathlon,Decathlon Product,Large,5,525,2625
30,C030,3,10,2024,Chennai,Female,34,Clothing,Kids,H&M,H&M Product,Blue,3,3442,10326
31,C031,22,3,2024,Coimbatore,Female,38,Electronics,Laptop,Dell,Dell Product,Large,5,1019,5095
32,C032,18,2,2024,Madurai,Female,26,Beauty,Skincare,Nivea,Nivea Product,Small,3,1492,4476
33,C033,27,8,2024,Trichy,Female,57,Grocery,Beverages,Pepsi,Pepsi Product,128GB,1,1300,1300
34,C034,4,5,2024,Salem,Male,35,Beauty,Makeup,Lakme,Lakme Product,128GB,3,1867,5601
35,C035,21,11,2024,Coimbatore,Female,34,Electronics,Laptop,Lenovo,Lenovo Product,Medium,3,561,1683
36,C036,11,1,2024,Madurai,Female,28,Grocery,Food,Aashirvaad,Aashirvaad Product,Large,1,1116,1116
37,C037,23,2,2024,Madurai,Male,41,Home,Furniture,HomeTown,HomeTown Product,Blue,1,2725,2725
38,C038,26,6,2024,Salem,Female,31,Grocery,Beverages,CocaCola,CocaCola Product,Small,5,3529,17645
39,C039,24,10,2024,Madurai,Male,28,Clothing,Women,Zara,Zara Product,Blue,3,3572,10716
40,C040,28,11,2024,Madurai,Female,28,Grocery,Beverages,Pepsi,Pepsi Product,256GB,1,4055,4055
41,C041,7,4,2024,Chennai,Female,37,Clothing,Men,Nike,Nike Product,128GB,2,3464,6928
42,C042,9,6,2024,Salem,Female,40,Grocery,Food,Aashirvaad,Aashirvaad Product,Red,1,2339,2339
43,C043,19,3,2024,Coimbatore,Male,24,Home,Kitchen,Pigeon,Pigeon Product,128GB,3,3774,11322
44,C044,17,10,2024,Salem,Female,54,Clothing,Women,Zara,Zara Product,128GB,4,213,852
45,C045,26,9,2024,Trichy,Male,41,Sports,Fitness,Decathlon,Decathlon Product,Large,3,1220,3660
46,C046,10,12,2024,Trichy,Female,60,Sports,Equipment,SG,SG Product,128GB,3,4741,14223
47,C047,7,3,2024,Chennai,Female,29,Home,Kitchen,Pigeon,Pigeon Product,Large,1,2689,2689
48,C048,7,5,2024,Chennai,Female,47,Sports,Equipment,Yonex,Yonex Product,Large,4,1590,6360
49,C049,3,11,2024,Coimbatore,Female,23,Clothing,Kids,H&M,H&M Product,Blue,2,1407,2814
50,C050,2,1,2024,Madurai,Female,57,Electronics,Mobile,Samsung,Samsung Product,128GB,5,1792,8960
51,C051,23,12,2024,Chennai,Female,43,Clothing,Men,Puma,Puma Product,128GB,1,1073,1073
52,C052,8,7,2024,Madurai,Female,21,Home,Furniture,Ikea,Ikea Product,Medium,2,4006,8012
53,C053,17,11,2024,Trichy,Female,46,Home,Kitchen,Pigeon,Pigeon Product,Blue,4,3886,15544
54,C054,25,5,2024,Madurai,Female,51,Sports,Fitness,Decathlon,Decathlon Product,Medium,1,2540,2540
55,C055,9,4,2024,Coimbatore,Female,52,Electronics,Laptop,HP,HP Product,Blue,4,1451,5804
56,C056,7,12,2024,Salem,Female,44,Beauty,Makeup,Maybelline,Maybelline Product,Medium,1,1894,1894
57,C057,13,7,2024,Trichy,Male,54,Sports,Equipment,Yonex,Yonex Product,Small,3,3394,10182
58,C058,18,7,2024,Trichy,Male,49,Clothing,Women,H&M,H&M Product,Medium,1,3385,3385
59,C059,22,6,2024,Chennai,Male,47,Clothing,Kids,Zara Kids,Zara Kids Product,Medium,5,4823,24115
60,C060,1,11,2024,Salem,Female,26,Sports,Fitness,Decathlon,Decathlon Product,Small,4,2881,11524
61,C061,15,4,2024,Coimbatore,Female,42,Beauty,Haircare,Dove,Dove Product,256GB,1,4052,4052
62,C062,24,1,2024,Trichy,Male,40,Clothing,Kids,Zara Kids,Zara Kids Product,256GB,1,454,454
63,C063,7,4,2024,Salem,Male,33,Clothing,Women,Forever21,Forever21 Product,Red,5,1985,9925
64,C064,23,8,2024,Coimbatore,Female,28,Home,Furniture,Ikea,Ikea Product,Small,1,4940,4940
65,C065,10,1,2024,Trichy,Female,43,Grocery,Beverages,CocaCola,CocaCola Product,Large,2,1034,2068
66,C066,25,12,2024,Coimbatore,Male,54,Electronics,Mobile,OnePlus,OnePlus Product,Medium,3,764,2292
67,C067,21,9,2024,Coimbatore,Male,44,Sports,Fitness,Decathlon,Decathlon Product,Small,4,1453,5812
68,C068,6,7,2024,Trichy,Female,57,Home,Kitchen,Pigeon,Pigeon Product,Medium,5,2398,11990
69,C069,28,6,2024,Madurai,Male,35,Sports,Fitness,Decathlon,Decathlon Product,Large,5,3304,16520
70,C070,1,6,2024,Chennai,Female,29,Sports,Fitness,Decathlon,Decathlon Product,256GB,3,2988,8964
71,C071,20,5,2024,Coimbatore,Male,51,Clothing,Men,Nike,Nike Product,128GB,4,4202,16808
72,C072,25,9,2024,Madurai,Female,59,Grocery,Food,Aashirvaad,Aashirvaad Product,256GB,1,962,962
73,C073,8,5,2024,Chennai,Male,37,Grocery,Food,Aashirvaad,Aashirvaad Product,Large,5,3016,15080
74,C074,24,7,2024,Trichy,Female,40,Grocery,Food,Aashirvaad,Aashirvaad Product,Small,3,2088,6264
75,C075,24,2,2024,Madurai,Female,25,Grocery,Beverages,CocaCola,CocaCola Product,Blue,4,2465,9860
76,C076,19,12,2024,Trichy,Female,24,Clothing,Women,Zara,Zara Product,Small,2,2676,5352
77,C077,23,1,2024,Trichy,Male,35,Electronics,Laptop,Lenovo,Lenovo Product,Small,2,4221,8442
78,C078,28,2,2024,Salem,Female,48,Sports,Equipment,SG,SG Product,Blue,1,2268,2268
79,C079,4,8,2024,Salem,Female,49,Electronics,Accessories,Boat,Boat Product,128GB,1,1442,1442
80,C080,26,3,2024,Trichy,Female,23,Clothing,Men,Puma,Puma Product,256GB,4,2048,8192
81,C081,13,9,2024,Chennai,Female,37,Home,Kitchen,Pigeon,Pigeon Product,Large,5,693,3465
82,C082,24,10,2024,Salem,Male,58,Clothing,Women,Forever21,Forever21 Product,Red,2,2164,4328
83,C083,18,3,2024,Salem,Male,18,Sports,Equipment,SG,SG Product,Small,1,2096,2096
84,C084,23,5,2024,Coimbatore,Female,22,Grocery,Beverages,Pepsi,Pepsi Product,256GB,5,1820,9100
85,C085,4,7,2024,Trichy,Male,59,Clothing,Women,Zara,Zara Product,Red,1,1559,1559
86,C086,20,5,2024,Trichy,Female,46,Electronics,Mobile,OnePlus,OnePlus Product,Small,4,2430,9720
87,C087,18,9,2024,Chennai,Female,23,Home,Furniture,HomeTown,HomeTown Product,128GB,3,2251,6753
88,C088,3,1,2024,Madurai,Male,35,Home,Furniture,Ikea,Ikea Product,Medium,5,3822,19110
89,C089,6,5,2024,Trichy,Female,58,Sports,Fitness,Decathlon,Decathlon Product,Small,4,2930,11720
90,C090,22,6,2024,Salem,Male,39,Sports,Equipment,SG,SG Product,128GB,4,4706,18824
91,C091,15,1,2024,Salem,Female,34,Beauty,Skincare,Himalaya,Himalaya Product,256GB,5,209,1045
92,C092,28,11,2024,Trichy,Female,44,Electronics,Laptop,Lenovo,Lenovo Product,Small,5,4283,21415
93,C093,15,11,2024,Salem,Male,35,Home,Furniture,HomeTown,HomeTown Product,Medium,4,1194,4776
94,C094,21,1,2024,Trichy,Male,28,Beauty,Makeup,Lakme,Lakme Product,Large,4,963,3852
95,C095,27,4,2024,Salem,Female,25,Grocery,Beverages,Pepsi,Pepsi Product,128GB,3,4368,13104
96,C096,9,12,2024,Chennai,Female,48,Clothing,Women,Forever21,Forever21 Product,Blue,4,1761,7044
97,C097,17,10,2024,Madurai,Male,35,Sports,Equipment,SG,SG Product,256GB,1,2517,2517
98,C098,10,12,2024,Trichy,Female,27,Sports,Equipment,SG,SG Product,Small,5,4651,23255
99,C099,15,7,2024,Coimbatore,Male,33,Home,Kitchen,Prestige,Prestige Product,256GB,4,557,2228
100,C100,24,6,2024,Chennai,Female,42,Grocery,Beverages,Pepsi,Pepsi Product,Red,2,4314,8628
101,C101,11,10,2024,Salem,Female,24,Home,Kitchen,Prestige,Prestige Product,128GB,2,3558,7116
102,C102,5,11,2024,Salem,Female,34,Beauty,Makeup,Maybelline,Maybelline Product,128GB,1,2891,2891
103,C103,28,11,2024,Trichy,Female,38,Grocery,Food,Tata,Tata Product,Large,1,2123,2123
104,C104,22,11,2024,Coimbatore,Male,23,Sports,Fitness,Decathlon,Decathlon Product,Medium,2,2653,5306
105,C105,2,1,2024,Coimbatore,Male,36,Beauty,Haircare,Dove,Dove Product,Blue,2,4551,9102
106,C106,19,7,2024,Madurai,Male,29,Electronics,Accessories,JBL,JBL Product,Large,2,4276,8552
107,C107,5,10,2024,Madurai,Female,58,Beauty,Haircare,Dove,Dove Product,128GB,1,4011,4011
108,C108,22,5,2024,Trichy,Male,22,Sports,Equipment,SG,SG Product,128GB,4,2248,8992
109,C109,28,8,2024,Coimbatore,Male,42,Sports,Fitness,Decathlon,Decathlon Product,Medium,5,3140,15700
110,C110,10,10,2024,Coimbatore,Male,60,Sports,Equipment,Yonex,Yonex Product,Large,1,4269,4269
111,C111,25,5,2024,Madurai,Female,32,Grocery,Beverages,Pepsi,Pepsi Product,128GB,2,995,1990
112,C112,21,11,2024,Salem,Female,46,Electronics,Accessories,JBL,JBL Product,128GB,2,938,1876
113,C113,11,5,2024,Chennai,Male,30,Clothing,Kids,H&M,H&M Product,Large,5,2432,12160
114,C114,9,3,2024,Chennai,Female,39,Electronics,Mobile,Apple,Apple Product,Blue,2,3455,6910
115,C115,12,9,2024,Salem,Female,18,Beauty,Makeup,Lakme,Lakme Product,Medium,3,2347,7041
116,C116,13,10,2024,Coimbatore,Male,32,Sports,Fitness,Decathlon,Decathlon Product,Large,2,717,1434
117,C117,27,11,2024,Chennai,Female,59,Sports,Fitness,Decathlon,Decathlon Product,Red,1,2693,2693
118,C118,4,8,2024,Salem,Male,52,Clothing,Women,H&M,H&M Product,Small,5,3633,18165
119,C119,24,10,2024,Madurai,Female,59,Electronics,Mobile,OnePlus,OnePlus Product,Medium,3,468,1404
120,C120,12,12,2024,Madurai,Female,46,Clothing,Women,Zara,Zara Product,128GB,3,4660,13980
121,C121,12,11,2024,Salem,Female,35,Clothing,Men,Adidas,Adidas Product,Red,2,374,748
122,C122,26,1,2024,Coimbatore,Male,26,Home,Furniture,Ikea,Ikea Product,256GB,5,1897,9485
123,C123,7,10,2024,Madurai,Female,27,Home,Furniture,HomeTown,HomeTown Product,256GB,2,1264,2528
124,C124,9,9,2024,Madurai,Male,60,Electronics,Laptop,HP,HP Product,Small,2,2852,5704
125,C125,6,1,2024,Coimbatore,Male,26,Grocery,Food,Tata,Tata Product,128GB,1,4101,4101
126,C126,25,8,2024,Coimbatore,Male,46,Home,Furniture,Ikea,Ikea Product,128GB,5,2670,13350
127,C127,21,8,2024,Salem,Male,48,Sports,Equipment,Yonex,Yonex Product,Medium,4,802,3208
128,C128,11,2,2024,Trichy,Male,22,Clothing,Women,Forever21,Forever21 Product,128GB,5,4692,23460
129,C129,11,12,2024,Chennai,Female,47,Home,Kitchen,Prestige,Prestige Product,256GB,1,4716,4716
130,C130,28,12,2024,Madurai,Female,46,Clothing,Women,H&M,H&M Product,256GB,4,3466,13864
131,C131,24,7,2024,Salem,Female,45,Beauty,Makeup,Maybelline,Maybelline Product,Small,2,4085,8170
132,C132,3,2,2024,Salem,Male,45,Electronics,Accessories,Boat,Boat Product,Small,2,4757,9514
133,C133,19,1,2024,Trichy,Female,60,Electronics,Mobile,Samsung,Samsung Product,256GB,4,621,2484
134,C134,20,5,2024,Coimbatore,Female,24,Home,Furniture,Ikea,Ikea Product,128GB,4,2037,8148
135,C135,12,2,2024,Trichy,Female,25,Beauty,Makeup,Lakme,Lakme Product,256GB,4,4795,19180
136,C136,20,10,2024,Trichy,Male,56,Grocery,Food,Tata,Tata Product,Blue,3,2731,8193
137,C137,12,6,2024,Salem,Male,27,Home,Kitchen,Prestige,Prestige Product,Blue,1,951,951
138,C138,17,12,2024,Madurai,Female,44,Sports,Equipment,Yonex,Yonex Product,Small,3,2857,8571
139,C139,20,10,2024,Salem,Male,27,Clothing,Kids,Zara Kids,Zara Kids Product,128GB,1,2429,2429
140,C140,22,8,2024,Chennai,Female,56,Sports,Equipment,SG,SG Product,Blue,5,1132,5660
141,C141,14,6,2024,Salem,Female,55,Sports,Equipment,Yonex,Yonex Product,Blue,4,648,2592
142,C142,7,1,2024,Coimbatore,Male,26,Beauty,Haircare,Dove,Dove Product,Red,1,4274,4274
143,C143,14,12,2024,Madurai,Male,42,Home,Furniture,HomeTown,HomeTown Product,Red,4,546,2184
144,C144,1,7,2024,Chennai,Male,38,Home,Kitchen,Pigeon,Pigeon Product,128GB,4,2571,10284
145,C145,13,2,2024,Salem,Female,28,Home,Kitchen,Pigeon,Pigeon Product,Red,4,1067,4268
146,C146,14,4,2024,Trichy,Female,51,Electronics,Mobile,Samsung,Samsung Product,128GB,3,2015,6045
147,C147,25,6,2024,Madurai,Male,50,Grocery,Beverages,CocaCola,CocaCola Product,256GB,3,3076,9228
148,C148,27,12,2024,Madurai,Male,24,Clothing,Women,Zara,Zara Product,Blue,5,1452,7260
149,C149,3,11,2024,Madurai,Female,47,Home,Kitchen,Pigeon,Pigeon Product,256GB,3,1436,4308
150,C150,3,8,2024,Chennai,Female,58,Beauty,Haircare,Loreal,Loreal Product,Small,5,807,4035
151,C151,15,5,2024,Chennai,Male,21,Beauty,Haircare,Loreal,Loreal Product,128GB,1,4353,4353
152,C152,15,7,2024,Trichy,Male,46,Home,Furniture,HomeTown,HomeTown Product,Large,4,4307,17228
153,C153,2,3,2024,Chennai,Male,39,Grocery,Beverages,CocaCola,CocaCola Product,Red,2,3786,7572
154,C154,17,8,2024,Trichy,Male,41,Beauty,Haircare,Dove,Dove Product,Medium,3,628,1884
155,C155,21,11,2024,Coimbatore,Male,39,Electronics,Accessories,Boat,Boat Product,Medium,3,2264,6792
156,C156,28,12,2024,Trichy,Male,39,Electronics,Accessories,Boat,Boat Product,Blue,3,2741,8223
157,C157,23,11,2024,Chennai,Male,56,Grocery,Beverages,Pepsi,Pepsi Product,Large,4,2890,11560
158,C158,22,3,2024,Trichy,Male,59,Grocery,Food,Aashirvaad,Aashirvaad Product,Red,3,2730,8190
159,C159,7,3,2024,Coimbatore,Female,30,Clothing,Men,Nike,Nike Product,Red,3,1028,3084
160,C160,25,9,2024,Trichy,Male,60,Beauty,Makeup,Lakme,Lakme Product,Large,4,1463,5852
161,C161,6,3,2024,Trichy,Male,46,Electronics,Mobile,Samsung,Samsung Product,128GB,2,3838,7676
162,C162,10,10,2024,Chennai,Male,52,Clothing,Women,H&M,H&M Product,256GB,2,3213,6426
163,C163,19,11,2024,Chennai,Female,36,Sports,Equipment,Yonex,Yonex Product,256GB,2,1333,2666
164,C164,2,5,2024,Chennai,Female,53,Electronics,Accessories,Boat,Boat Product,256GB,1,2535,2535
165,C165,25,2,2024,Madurai,Female,46,Home,Furniture,HomeTown,HomeTown Product,Red,2,3895,7790
166,C166,1,6,2024,Chennai,Male,43,Home,Kitchen,Prestige,Prestige Product,Medium,1,3271,3271
167,C167,1,4,2024,Coimbatore,Male,59,Beauty,Skincare,Nivea,Nivea Product,Red,3,4070,12210
168,C168,27,12,2024,Madurai,Female,46,Home,Furniture,Ikea,Ikea Product,Red,3,1966,5898
169,C169,18,3,2024,Trichy,Female,25,Beauty,Skincare,Himalaya,Himalaya Product,Red,1,2153,2153
170,C170,21,7,2024,Trichy,Female,22,Electronics,Mobile,OnePlus,OnePlus Product,Large,1,4421,4421
171,C171,8,10,2024,Madurai,Female,45,Electronics,Accessories,JBL,JBL Product,Blue,5,3612,18060
172,C172,22,3,2024,Salem,Female,22,Home,Furniture,HomeTown,HomeTown Product,256GB,4,556,2224
173,C173,13,11,2024,Coimbatore,Female,19,Beauty,Skincare,Himalaya,Himalaya Product,Blue,1,4966,4966
174,C174,25,12,2024,Coimbatore,Male,20,Beauty,Makeup,Maybelline,Maybelline Product,256GB,2,4006,8012
175,C175,16,12,2024,Madurai,Male,22,Grocery,Food,Tata,Tata Product,Small,2,558,1116
176,C176,2,4,2024,Coimbatore,Female,50,Sports,Equipment,SG,SG Product,Red,2,2543,5086
177,C177,28,6,2024,Salem,Female,35,Electronics,Mobile,Samsung,Samsung Product,Medium,4,3367,13468
178,C178,6,6,2024,Chennai,Female,41,Home,Kitchen,Prestige,Prestige Product,128GB,4,846,3384
179,C179,20,7,2024,Madurai,Female,38,Electronics,Laptop,Dell,Dell Product,128GB,3,2710,8130
180,C180,20,8,2024,Chennai,Male,46,Beauty,Haircare,Loreal,Loreal Product,128GB,3,3763,11289
181,C181,21,5,2024,Salem,Male,60,Grocery,Food,Aashirvaad,Aashirvaad Product,Large,2,455,910
182,C182,28,3,2024,Trichy,Female,20,Clothing,Men,Nike,Nike Product,256GB,3,3166,9498
183,C183,19,7,2024,Salem,Male,46,Beauty,Haircare,Dove,Dove Product,256GB,1,4901,4901
184,C184,17,3,2024,Coimbatore,Female,38,Grocery,Food,Tata,Tata Product,Red,1,1724,1724
185,C185,17,8,2024,Chennai,Male,34,Beauty,Makeup,Maybelline,Maybelline Product,Blue,5,2539,12695
186,C186,16,12,2024,Madurai,Male,26,Electronics,Mobile,Apple,Apple Product,128GB,4,919,3676
187,C187,28,11,2024,Coimbatore,Female,22,Home,Kitchen,Pigeon,Pigeon Product,256GB,2,1626,3252
188,C188,17,6,2024,Madurai,Male,30,Clothing,Men,Adidas,Adidas Product,Red,3,4738,14214
189,C189,12,10,2024,Chennai,Male,57,Electronics,Laptop,Dell,Dell Product,Medium,4,4506,18024
190,C190,25,7,2024,Chennai,Male,26,Beauty,Makeup,Lakme,Lakme Product,Medium,4,4438,17752
191,C191,5,6,2024,Trichy,Male,26,Sports,Fitness,Decathlon,Decathlon Product,Large,2,2691,5382
192,C192,6,3,2024,Coimbatore,Male,40,Home,Kitchen,Prestige,Prestige Product,Small,2,4712,9424
193,C193,5,5,2024,Coimbatore,Male,50,Grocery,Beverages,CocaCola,CocaCola Product,Blue,5,2965,14825
194,C194,2,10,2024,Salem,Male,20,Grocery,Food,Tata,Tata Product,256GB,5,3612,18060
195,C195,21,10,2024,Salem,Female,58,Home,Kitchen,Pigeon,Pigeon Product,Medium,2,3526,7052
196,C196,15,5,2024,Salem,Male,28,Sports,Equipment,SG,SG Product,Medium,2,2986,5972
197,C197,5,10,2024,Coimbatore,Female,40,Sports,Fitness,Decathlon,Decathlon Product,Large,5,1069,5345
198,C198,8,6,2024,Chennai,Male,35,Sports,Fitness,Decathlon,Decathlon Product,Red,1,2577,2577
199,C199,28,7,2024,Trichy,Female,33,Clothing,Women,Forever21,Forever21 Product,128GB,3,1755,5265
200,C200,16,3,2024,Trichy,Female,49,Beauty,Haircare,Loreal,Loreal Product,Red,4,4340,17360
201,C201,8,8,2024,Madurai,Female,21,Electronics,Mobile,Samsung,Samsung Product,Large,4,2540,10160
202,C202,1,9,2024,Salem,Female,26,Beauty,Makeup,Maybelline,Maybelline Product,256GB,4,3197,12788
203,C203,13,1,2024,Salem,Male,41,Home,Kitchen,Prestige,Prestige Product,Medium,5,3889,19445
204,C204,9,9,2024,Trichy,Male,26,Electronics,Mobile,Samsung,Samsung Product,256GB,3,4769,14307
205,C205,25,6,2024,Madurai,Male,56,Home,Kitchen,Prestige,Prestige Product,Red,1,1322,1322
206,C206,11,12,2024,Chennai,Female,27,Home,Furniture,HomeTown,HomeTown Product,Large,3,1531,4593
207,C207,20,7,2024,Coimbatore,Female,50,Home,Kitchen,Pigeon,Pigeon Product,Medium,1,3217,3217
208,C208,22,6,2024,Salem,Female,55,Beauty,Makeup,Lakme,Lakme Product,Large,4,2375,9500
209,C209,26,11,2024,Trichy,Male,21,Home,Kitchen,Prestige,Prestige Product,Large,5,3314,16570
210,C210,27,3,2024,Madurai,Male,54,Grocery,Beverages,CocaCola,CocaCola Product,Red,4,2769,11076
211,C211,5,7,2024,Chennai,Male,44,Home,Kitchen,Prestige,Prestige Product,128GB,2,4449,8898
212,C212,18,4,2024,Coimbatore,Female,51,Sports,Equipment,Yonex,Yonex Product,Medium,5,3004,15020
213,C213,12,9,2024,Coimbatore,Female,30,Clothing,Women,Forever21,Forever21 Product,Small,2,2638,5276
214,C214,23,5,2024,Madurai,Female,38,Sports,Equipment,SG,SG Product,Small,1,4897,4897
215,C215,18,11,2024,Chennai,Female,40,Clothing,Women,Zara,Zara Product,Small,1,3037,3037
216,C216,21,8,2024,Coimbatore,Female,31,Clothing,Kids,H&M,H&M Product,Large,3,1324,3972
217,C217,20,2,2024,Trichy,Male,33,Electronics,Accessories,Boat,Boat Product,Blue,2,630,1260
218,C218,14,2,2024,Coimbatore,Female,24,Grocery,Beverages,CocaCola,CocaCola Product,Large,2,3533,7066
219,C219,16,11,2024,Chennai,Male,36,Beauty,Haircare,Loreal,Loreal Product,256GB,1,4903,4903
220,C220,18,4,2024,Salem,Male,44,Clothing,Men,Adidas,Adidas Product,256GB,4,1726,6904
221,C221,28,12,2024,Coimbatore,Male,18,Beauty,Makeup,Lakme,Lakme Product,Small,3,3922,11766
222,C222,18,11,2024,Trichy,Female,26,Home,Kitchen,Pigeon,Pigeon Product,Blue,1,2908,2908
223,C223,24,3,2024,Chennai,Female,29,Electronics,Accessories,JBL,JBL Product,256GB,3,4851,14553
224,C224,25,11,2024,Madurai,Male,57,Grocery,Food,Aashirvaad,Aashirvaad Product,Large,3,910,2730
225,C225,22,7,2024,Salem,Male,26,Sports,Equipment,Yonex,Yonex Product,Red,3,3342,10026
226,C226,15,4,2024,Coimbatore,Female,37,Home,Furniture,HomeTown,HomeTown Product,128GB,3,2135,6405
227,C227,22,1,2024,Salem,Female,37,Clothing,Women,Forever21,Forever21 Product,Large,3,1161,3483
228,C228,10,11,2024,Coimbatore,Male,32,Clothing,Women,Zara,Zara Product,Medium,5,3260,16300
229,C229,23,7,2024,Trichy,Female,52,Grocery,Beverages,CocaCola,CocaCola Product,128GB,5,870,4350
230,C230,15,9,2024,Trichy,Female,22,Home,Furniture,Ikea,Ikea Product,256GB,5,4340,21700
231,C231,19,4,2024,Trichy,Male,28,Beauty,Makeup,Maybelline,Maybelline Product,Red,2,4977,9954
232,C232,3,8,2024,Trichy,Female,21,Sports,Fitness,Decathlon,Decathlon Product,Medium,5,672,3360
233,C233,15,9,2024,Coimbatore,Male,43,Beauty,Skincare,Ponds,Ponds Product,Blue,5,798,3990
234,C234,14,1,2024,Coimbatore,Male,52,Electronics,Laptop,Dell,Dell Product,Red,3,3549,10647
235,C235,25,3,2024,Madurai,Female,41,Sports,Equipment,SG,SG Product,Medium,1,4617,4617
236,C236,21,3,2024,Coimbatore,Male,29,Home,Kitchen,Prestige,Prestige Product,128GB,2,228,456
237,C237,10,1,2024,Chennai,Female,52,Sports,Fitness,Decathlon,Decathlon Product,Medium,3,1470,4410
238,C238,7,5,2024,Salem,Male,60,Sports,Fitness,Decathlon,Decathlon Product,Blue,1,1026,1026
239,C239,2,10,2024,Chennai,Male,33,Grocery,Beverages,Pepsi,Pepsi Product,Medium,2,4621,9242
240,C240,25,4,2024,Salem,Male,50,Beauty,Skincare,Ponds,Ponds Product,Large,3,4930,14790
241,C241,25,10,2024,Coimbatore,Male,37,Clothing,Kids,Zara Kids,Zara Kids Product,Medium,3,2454,7362
242,C242,18,1,2024,Trichy,Male,58,Grocery,Food,Aashirvaad,Aashirvaad Product,Red,3,3322,9966
243,C243,11,9,2024,Chennai,Female,27,Beauty,Haircare,Loreal,Loreal Product,256GB,5,4079,20395
244,C244,28,4,2024,Madurai,Female,27,Sports,Fitness,Decathlon,Decathlon Product,Medium,5,4541,22705
245,C245,13,3,2024,Madurai,Female,31,Beauty,Makeup,Lakme,Lakme Product,Medium,3,957,2871
246,C246,24,9,2024,Madurai,Male,35,Sports,Fitness,Decathlon,Decathlon Product,Blue,5,4778,23890
247,C247,16,4,2024,Madurai,Female,37,Electronics,Laptop,HP,HP Product,128GB,1,4123,4123
248,C248,23,4,2024,Trichy,Male,43,Clothing,Kids,H&M,H&M Product,256GB,3,3318,9954
249,C249,18,8,2024,Coimbatore,Female,34,Beauty,Makeup,Maybelline,Maybelline Product,Medium,1,4046,4046
250,C250,7,6,2024,Coimbatore,Female,44,Electronics,Accessories,Logitech,Logitech Product,128GB,2,332,664
251,C251,18,5,2024,Trichy,Female,36,Clothing,Men,Adidas,Adidas Product,Blue,4,4867,19468
252,C252,16,4,2024,Trichy,Female,34,Sports,Equipment,SG,SG Product,Blue,3,1586,4758
253,C253,24,3,2024,Trichy,Female,29,Home,Furniture,Ikea,Ikea Product,256GB,1,597,597
254,C254,14,1,2024,Madurai,Male,22,Grocery,Beverages,CocaCola,CocaCola Product,Blue,5,3935,19675
255,C255,2,6,2024,Trichy,Female,60,Sports,Fitness,Decathlon,Decathlon Product,Large,5,3569,17845
256,C256,1,1,2024,Trichy,Female,52,Beauty,Skincare,Ponds,Ponds Product,256GB,4,1668,6672
257,C257,4,2,2024,Trichy,Male,33,Clothing,Kids,H&M,H&M Product,256GB,3,2389,7167
258,C258,3,7,2024,Coimbatore,Female,47,Home,Furniture,Ikea,Ikea Product,Small,1,459,459
259,C259,13,2,2024,Chennai,Female,53,Sports,Fitness,Decathlon,Decathlon Product,128GB,2,877,1754
260,C260,28,8,2024,Chennai,Female,54,Electronics,Accessories,Logitech,Logitech Product,Blue,2,4843,9686
261,C261,9,8,2024,Salem,Male,35,Home,Furniture,Ikea,Ikea Product,256GB,3,328,984
262,C262,19,4,2024,Madurai,Female,22,Beauty,Skincare,Ponds,Ponds Product,Blue,5,3387,16935
263,C263,18,11,2024,Coimbatore,Female,26,Grocery,Beverages,Pepsi,Pepsi Product,Red,1,3780,3780
264,C264,27,4,2024,Salem,Female,56,Home,Kitchen,Pigeon,Pigeon Product,Red,3,3890,11670
265,C265,8,8,2024,Coimbatore,Female,45,Clothing,Kids,H&M,H&M Product,Red,5,2619,13095
266,C266,23,4,2024,Salem,Male,35,Clothing,Women,Forever21,Forever21 Product,256GB,2,3391,6782
267,C267,12,6,2024,Salem,Male,18,Beauty,Haircare,Dove,Dove Product,256GB,3,1037,3111
268,C268,3,3,2024,Madurai,Female,46,Home,Kitchen,Prestige,Prestige Product,Red,1,3099,3099
269,C269,3,9,2024,Trichy,Female,42,Electronics,Mobile,Samsung,Samsung Product,Medium,1,4783,4783
270,C270,19,4,2024,Trichy,Male,42,Clothing,Men,Adidas,Adidas Product,Small,3,4239,12717
271,C271,3,3,2024,Madurai,Female,35,Sports,Equipment,SG,SG Product,256GB,1,3158,3158
272,C272,8,5,2024,Chennai,Male,47,Electronics,Laptop,Dell,Dell Product,Red,4,2921,11684
273,C273,13,10,2024,Coimbatore,Female,39,Sports,Fitness,Decathlon,Decathlon Product,Small,5,1845,9225
274,C274,11,8,2024,Madurai,Female,38,Beauty,Makeup,Maybelline,Maybelline Product,Large,2,2869,5738
275,C275,9,7,2024,Chennai,Female,25,Home,Furniture,Ikea,Ikea Product,128GB,5,420,2100
276,C276,15,12,2024,Madurai,Female,36,Grocery,Beverages,Pepsi,Pepsi Product,128GB,4,1340,5360
277,C277,10,11,2024,Madurai,Female,60,Clothing,Kids,H&M,H&M Product,256GB,4,805,3220
278,C278,20,8,2024,Chennai,Female,52,Home,Kitchen,Prestige,Prestige Product,256GB,3,4598,13794
279,C279,21,10,2024,Salem,Male,33,Grocery,Food,Tata,Tata Product,128GB,5,562,2810
280,C280,21,10,2024,Chennai,Female,45,Electronics,Laptop,HP,HP Product,Small,2,4383,8766
281,C281,17,12,2024,Trichy,Male,46,Beauty,Haircare,Dove,Dove Product,256GB,5,4299,21495
282,C282,12,3,2024,Salem,Female,24,Beauty,Haircare,Loreal,Loreal Product,Red,2,3053,6106
283,C283,11,5,2024,Chennai,Male,51,Sports,Equipment,SG,SG Product,Red,4,3906,15624
284,C284,3,6,2024,Coimbatore,Male,25,Electronics,Mobile,OnePlus,OnePlus Product,Red,2,2198,4396
285,C285,6,9,2024,Trichy,Male,39,Home,Kitchen,Pigeon,Pigeon Product,Blue,4,1711,6844
286,C286,21,3,2024,Chennai,Female,19,Grocery,Beverages,Pepsi,Pepsi Product,Large,4,3385,13540
287,C287,23,1,2024,Madurai,Male,35,Grocery,Beverages,CocaCola,CocaCola Product,256GB,5,1731,8655
288,C288,11,6,2024,Madurai,Female,25,Beauty,Makeup,Maybelline,Maybelline Product,Large,3,3383,10149
289,C289,13,10,2024,Trichy,Male,40,Beauty,Haircare,Loreal,Loreal Product,256GB,3,894,2682
290,C290,5,11,2024,Coimbatore,Male,33,Beauty,Skincare,Nivea,Nivea Product,Small,2,4384,8768
291,C291,14,7,2024,Trichy,Male,54,Sports,Equipment,Yonex,Yonex Product,Medium,5,1619,8095
292,C292,6,9,2024,Chennai,Female,26,Clothing,Women,H&M,H&M Product,Large,1,3141,3141
293,C293,16,1,2024,Madurai,Male,42,Home,Kitchen,Pigeon,Pigeon Product,128GB,4,3604,14416
294,C294,27,12,2024,Chennai,Female,28,Electronics,Accessories,Logitech,Logitech Product,256GB,2,2592,5184
295,C295,9,1,2024,Madurai,Female,28,Sports,Equipment,Yonex,Yonex Product,Large,1,2394,2394
296,C296,27,9,2024,Coimbatore,Male,46,Home,Furniture,HomeTown,HomeTown Product,Red,2,2638,5276
297,C297,15,1,2024,Coimbatore,Female,23,Sports,Fitness,Decathlon,Decathlon Product,Blue,5,3072,15360
298,C298,20,12,2024,Chennai,Male,57,Clothing,Men,Nike,Nike Product,256GB,1,4870,4870
299,C299,18,6,2024,Coimbatore,Male,38,Grocery,Food,Aashirvaad,Aashirvaad Product,Large,3,4414,13242
300,C300,27,11,2024,Salem,Male,44,Electronics,Mobile,OnePlus,OnePlus Product,Blue,2,2245,4490
301,C301,23,3,2024,Coimbatore,Male,43,Sports,Fitness,Decathlon,Decathlon Product,128GB,4,3273,13092
302,C302,3,8,2024,Salem,Female,50,Grocery,Food,Aashirvaad,Aashirvaad Product,Medium,4,2881,11524
303,C303,1,10,2024,Salem,Female,58,Grocery,Food,Tata,Tata Product,256GB,5,3458,17290
304,C304,14,4,2024,Madurai,Female,35,Beauty,Haircare,Dove,Dove Product,Large,5,1269,6345
305,C305,28,10,2024,Chennai,Female,21,Electronics,Laptop,Lenovo,Lenovo Product,256GB,4,333,1332
306,C306,28,2,2024,Madurai,Female,47,Electronics,Mobile,Apple,Apple Product,128GB,2,2672,5344
307,C307,28,3,2024,Coimbatore,Male,59,Beauty,Haircare,Loreal,Loreal Product,Small,2,624,1248
308,C308,21,7,2024,Coimbatore,Male,45,Grocery,Beverages,CocaCola,CocaCola Product,Red,2,4106,8212
309,C309,5,2,2024,Trichy,Male,51,Grocery,Food,Tata,Tata Product,Red,3,1187,3561
310,C310,23,7,2024,Madurai,Female,22,Clothing,Women,Zara,Zara Product,128GB,1,1045,1045
311,C311,12,6,2024,Coimbatore,Male,42,Clothing,Kids,Zara Kids,Zara Kids Product,Red,5,4814,24070
312,C312,20,1,2024,Madurai,Female,40,Grocery,Beverages,CocaCola,CocaCola Product,Medium,5,3824,19120
313,C313,3,4,2024,Salem,Male,25,Home,Kitchen,Pigeon,Pigeon Product,Medium,3,1345,4035
314,C314,9,4,2024,Salem,Male,53,Home,Kitchen,Prestige,Prestige Product,256GB,3,1883,5649
315,C315,20,9,2024,Trichy,Male,43,Beauty,Makeup,Lakme,Lakme Product,256GB,2,4254,8508
316,C316,4,7,2024,Madurai,Female,58,Home,Furniture,Ikea,Ikea Product,Small,3,1281,3843
317,C317,28,7,2024,Trichy,Female,41,Home,Furniture,HomeTown,HomeTown Product,256GB,1,336,336
318,C318,3,10,2024,Salem,Female,31,Electronics,Laptop,Dell,Dell Product,Large,3,4304,12912
319,C319,14,7,2024,Chennai,Male,58,Home,Furniture,HomeTown,HomeTown Product,Red,3,847,2541
320,C320,7,9,2024,Madurai,Female,43,Home,Furniture,HomeTown,HomeTown Product,128GB,4,2154,8616
321,C321,8,1,2024,Salem,Female,25,Sports,Fitness,Decathlon,Decathlon Product,128GB,2,1178,2356
322,C322,23,1,2024,Madurai,Male,28,Sports,Equipment,SG,SG Product,Blue,3,1239,3717
323,C323,25,12,2024,Coimbatore,Male,19,Beauty,Haircare,Dove,Dove Product,Large,1,2354,2354
324,C324,19,12,2024,Salem,Female,47,Home,Kitchen,Prestige,Prestige Product,Medium,5,1567,7835
325,C325,6,6,2024,Coimbatore,Male,54,Grocery,Beverages,CocaCola,CocaCola Product,128GB,5,221,1105
326,C326,28,1,2024,Salem,Male,20,Sports,Equipment,SG,SG Product,Blue,2,489,978
327,C327,26,9,2024,Chennai,Male,38,Clothing,Women,Forever21,Forever21 Product,Small,3,838,2514
328,C328,12,10,2024,Salem,Male,29,Clothing,Kids,Zara Kids,Zara Kids Product,Medium,1,4010,4010
329,C329,25,5,2024,Coimbatore,Female,23,Home,Kitchen,Prestige,Prestige Product,Small,2,2588,5176
330,C330,26,10,2024,Coimbatore,Male,47,Beauty,Makeup,Maybelline,Maybelline Product,256GB,2,4677,9354
331,C331,5,4,2024,Salem,Female,19,Clothing,Kids,H&M,H&M Product,128GB,1,2944,2944
332,C332,25,1,2024,Chennai,Female,24,Clothing,Kids,Zara Kids,Zara Kids Product,Medium,4,690,2760
333,C333,23,3,2024,Coimbatore,Male,20,Clothing,Kids,H&M,H&M Product,128GB,3,3955,11865
334,C334,3,12,2024,Trichy,Male,50,Clothing,Kids,H&M,H&M Product,Red,5,4851,24255
335,C335,14,1,2024,Madurai,Male,36,Beauty,Haircare,Dove,Dove Product,128GB,3,2805,8415
336,C336,9,8,2024,Madurai,Male,30,Clothing,Kids,Zara Kids,Zara Kids Product,Blue,1,1546,1546
337,C337,15,8,2024,Coimbatore,Female,25,Home,Kitchen,Prestige,Prestige Product,Medium,3,3995,11985
338,C338,28,5,2024,Salem,Male,28,Grocery,Food,Tata,Tata Product,Blue,3,1415,4245
339,C339,23,2,2024,Madurai,Female,43,Home,Furniture,HomeTown,HomeTown Product,Small,2,454,908
340,C340,28,7,2024,Chennai,Male,24,Sports,Fitness,Decathlon,Decathlon Product,Red,1,705,705
341,C341,5,4,2024,Madurai,Female,41,Grocery,Beverages,Pepsi,Pepsi Product,256GB,1,378,378
342,C342,7,2,2024,Chennai,Male,23,Beauty,Skincare,Nivea,Nivea Product,Medium,1,1576,1576
343,C343,14,10,2024,Chennai,Female,19,Sports,Equipment,Yonex,Yonex Product,Small,2,1733,3466
344,C344,9,5,2024,Chennai,Male,20,Home,Furniture,HomeTown,HomeTown Product,Medium,4,4711,18844
345,C345,2,8,2024,Salem,Female,42,Clothing,Women,Zara,Zara Product,128GB,5,2241,11205
346,C346,26,11,2024,Trichy,Male,42,Grocery,Food,Aashirvaad,Aashirvaad Product,Large,4,3018,12072
347,C347,17,10,2024,Coimbatore,Female,35,Clothing,Men,Adidas,Adidas Product,Large,2,440,880
348,C348,2,5,2024,Chennai,Female,55,Clothing,Men,Nike,Nike Product,Blue,2,2383,4766
349,C349,27,9,2024,Salem,Male,54,Sports,Equipment,Yonex,Yonex Product,Blue,2,2805,5610
350,C350,23,12,2024,Coimbatore,Male,40,Home,Furniture,Ikea,Ikea Product,256GB,4,4641,18564
351,C351,6,5,2024,Chennai,Male,23,Electronics,Laptop,Lenovo,Lenovo Product,Blue,1,4512,4512
352,C352,1,8,2024,Coimbatore,Male,26,Beauty,Makeup,Lakme,Lakme Product,256GB,3,687,2061
353,C353,5,1,2024,Trichy,Male,25,Home,Kitchen,Prestige,Prestige Product,Small,4,5000,20000
354,C354,11,2,2024,Coimbatore,Female,26,Clothing,Kids,H&M,H&M Product,256GB,4,2799,11196
355,C355,23,3,2024,Trichy,Female,32,Grocery,Beverages,Pepsi,Pepsi Product,Small,3,1243,3729
356,C356,24,3,2024,Salem,Female,54,Electronics,Laptop,Lenovo,Lenovo Product,Small,5,2009,10045
357,C357,19,11,2024,Salem,Female,27,Beauty,Makeup,Lakme,Lakme Product,Blue,3,2817,8451
358,C358,21,3,2024,Salem,Female,46,Electronics,Mobile,Apple,Apple Product,Blue,1,3071,3071
359,C359,26,5,2024,Salem,Male,21,Sports,Equipment,SG,SG Product,Blue,4,4239,16956
360,C360,12,7,2024,Trichy,Female,24,Sports,Fitness,Decathlon,Decathlon Product,Medium,1,473,473
361,C361,1,5,2024,Coimbatore,Female,24,Electronics,Mobile,Apple,Apple Product,Medium,2,814,1628
362,C362,3,9,2024,Coimbatore,Female,19,Sports,Fitness,Decathlon,Decathlon Product,Blue,1,1029,1029
363,C363,7,6,2024,Madurai,Female,53,Grocery,Food,Aashirvaad,Aashirvaad Product,Small,2,985,1970
364,C364,13,1,2024,Trichy,Female,27,Electronics,Mobile,Apple,Apple Product,Medium,1,2612,2612
365,C365,21,11,2024,Trichy,Female,30,Electronics,Laptop,HP,HP Product,Blue,3,871,2613
366,C366,28,8,2024,Salem,Female,43,Sports,Equipment,SG,SG Product,Red,5,3374,16870
367,C367,12,3,2024,Chennai,Female,29,Sports,Fitness,Decathlon,Decathlon Product,Medium,4,2357,9428
368,C368,27,4,2024,Coimbatore,Male,27,Grocery,Beverages,CocaCola,CocaCola Product,128GB,3,4635,13905
369,C369,25,7,2024,Trichy,Male,53,Electronics,Mobile,OnePlus,OnePlus Product,Medium,5,4089,20445
370,C370,8,10,2024,Chennai,Female,23,Sports,Fitness,Decathlon,Decathlon Product,Red,4,1616,6464
371,C371,7,3,2024,Madurai,Male,20,Sports,Fitness,Decathlon,Decathlon Product,Blue,2,2312,4624
372,C372,24,6,2024,Salem,Male,42,Home,Kitchen,Pigeon,Pigeon Product,256GB,3,4457,13371
373,C373,28,8,2024,Salem,Female,25,Sports,Fitness,Decathlon,Decathlon Product,Large,5,4973,24865
374,C374,4,2,2024,Trichy,Male,36,Home,Kitchen,Pigeon,Pigeon Product,Small,4,4177,16708
375,C375,20,10,2024,Chennai,Male,29,Beauty,Haircare,Loreal,Loreal Product,Large,5,3490,17450
376,C376,13,1,2024,Coimbatore,Male,21,Grocery,Food,Aashirvaad,Aashirvaad Product,Small,1,2967,2967
377,C377,10,5,2024,Coimbatore,Female,24,Clothing,Men,Adidas,Adidas Product,128GB,4,2828,11312
378,C378,24,5,2024,Chennai,Male,30,Sports,Fitness,Decathlon,Decathlon Product,128GB,4,4431,17724
379,C379,27,6,2024,Salem,Male,22,Beauty,Makeup,Maybelline,Maybelline Product,Blue,5,4858,24290
380,C380,6,1,2024,Madurai,Male,21,Clothing,Men,Adidas,Adidas Product,Red,3,1831,5493
381,C381,12,5,2024,Chennai,Female,58,Electronics,Accessories,Logitech,Logitech Product,Blue,3,4204,12612
382,C382,15,10,2024,Madurai,Female,55,Home,Kitchen,Pigeon,Pigeon Product,Blue,3,940,2820
383,C383,1,5,2024,Chennai,Male,28,Home,Furniture,Ikea,Ikea Product,128GB,2,1893,3786
384,C384,21,5,2024,Chennai,Male,18,Sports,Fitness,Decathlon,Decathlon Product,Large,1,2033,2033
385,C385,20,5,2024,Coimbatore,Female,45,Sports,Equipment,SG,SG Product,Small,2,4023,8046
386,C386,22,5,2024,Trichy,Female,55,Electronics,Laptop,Lenovo,Lenovo Product,128GB,3,4799,14397
387,C387,20,11,2024,Trichy,Female,37,Grocery,Beverages,Pepsi,Pepsi Product,Red,3,2464,7392
388,C388,11,11,2024,Coimbatore,Female,59,Grocery,Food,Tata,Tata Product,Blue,5,2168,10840
389,C389,26,1,2024,Trichy,Female,60,Beauty,Makeup,Lakme,Lakme Product,128GB,1,4274,4274
390,C390,9,5,2024,Chennai,Female,42,Grocery,Beverages,CocaCola,CocaCola Product,Small,2,4579,9158
391,C391,26,11,2024,Chennai,Female,50,Beauty,Skincare,Ponds,Ponds Product,Large,2,2606,5212
392,C392,16,2,2024,Madurai,Female,53,Clothing,Kids,H&M,H&M Product,128GB,1,2020,2020
393,C393,8,6,2024,Coimbatore,Female,39,Beauty,Haircare,Dove,Dove Product,Medium,1,4054,4054
394,C394,28,1,2024,Trichy,Male,48,Clothing,Kids,Zara Kids,Zara Kids Product,256GB,4,4540,18160
395,C395,14,5,2024,Salem,Male,26,Clothing,Women,H&M,H&M Product,Large,4,1373,5492
396,C396,28,6,2024,Madurai,Male,49,Beauty,Makeup,Lakme,Lakme Product,Small,1,238,238
397,C397,9,8,2024,Madurai,Male,54,Clothing,Women,Zara,Zara Product,Blue,5,3752,18760
398,C398,14,11,2024,Chennai,Female,48,Sports,Fitness,Decathlon,Decathlon Product,Large,2,3256,6512
399,C399,11,1,2024,Trichy,Male,19,Grocery,Beverages,CocaCola,CocaCola Product,Blue,3,2756,8268
400,C400,4,3,2024,Chennai,Female,28,Electronics,Laptop,Dell,Dell Product,Small,4,4462,17848
401,C401,17,10,2024,Coimbatore,Female,26,Beauty,Haircare,Dove,Dove Product,256GB,2,1550,3100
402,C402,1,7,2024,Madurai,Male,26,Clothing,Kids,Zara Kids,Zara Kids Product,Large,5,1584,7920
403,C403,12,2,2024,Salem,Female,58,Beauty,Makeup,Lakme,Lakme Product,Large,1,1085,1085
404,C404,27,11,2024,Salem,Male,25,Sports,Equipment,SG,SG Product,Red,5,2270,11350
405,C405,23,8,2024,Madurai,Male,58,Electronics,Mobile,Samsung,Samsung Product,128GB,1,4462,4462
406,C406,20,5,2024,Trichy,Male,44,Electronics,Accessories,Boat,Boat Product,Large,1,2515,2515
407,C407,26,2,2024,Salem,Female,30,Home,Furniture,HomeTown,HomeTown Product,256GB,5,1852,9260
408,C408,23,6,2024,Chennai,Female,28,Electronics,Accessories,JBL,JBL Product,Blue,4,2908,11632
409,C409,1,4,2024,Salem,Male,25,Home,Kitchen,Prestige,Prestige Product,Red,5,814,4070
410,C410,24,12,2024,Salem,Female,59,Clothing,Women,H&M,H&M Product,Small,4,610,2440
411,C411,27,2,2024,Madurai,Male,36,Beauty,Makeup,Maybelline,Maybelline Product,Medium,1,978,978
412,C412,1,1,2024,Madurai,Male,39,Beauty,Haircare,Dove,Dove Product,128GB,1,3252,3252
413,C413,6,6,2024,Salem,Female,43,Sports,Equipment,SG,SG Product,128GB,4,3654,14616
414,C414,26,11,2024,Madurai,Male,26,Grocery,Beverages,CocaCola,CocaCola Product,Red,4,4154,16616
415,C415,22,10,2024,Chennai,Male,57,Sports,Equipment,Yonex,Yonex Product,256GB,2,4157,8314
416,C416,4,8,2024,Chennai,Female,20,Electronics,Mobile,OnePlus,OnePlus Product,Small,1,4499,4499
417,C417,19,12,2024,Trichy,Male,60,Beauty,Makeup,Lakme,Lakme Product,Medium,2,4147,8294
418,C418,22,6,2024,Chennai,Male,53,Home,Furniture,Ikea,Ikea Product,128GB,2,4341,8682
419,C419,28,8,2024,Chennai,Male,22,Sports,Equipment,Yonex,Yonex Product,Small,3,612,1836
420,C420,8,9,2024,Trichy,Female,43,Clothing,Men,Adidas,Adidas Product,Medium,5,3870,19350
421,C421,28,2,2024,Chennai,Female,38,Electronics,Mobile,OnePlus,OnePlus Product,128GB,1,1040,1040
422,C422,14,7,2024,Salem,Male,23,Home,Kitchen,Prestige,Prestige Product,128GB,4,2992,11968
423,C423,27,6,2024,Salem,Male,47,Beauty,Makeup,Maybelline,Maybelline Product,128GB,3,3907,11721
424,C424,4,2,2024,Madurai,Male,39,Beauty,Makeup,Maybelline,Maybelline Product,Large,5,3262,16310
425,C425,4,12,2024,Salem,Male,49,Clothing,Kids,H&M,H&M Product,Red,3,1804,5412
426,C426,4,4,2024,Chennai,Male,47,Clothing,Kids,H&M,H&M Product,Red,4,580,2320
427,C427,27,11,2024,Trichy,Male,46,Sports,Fitness,Decathlon,Decathlon Product,Red,5,597,2985
428,C428,14,9,2024,Trichy,Female,50,Clothing,Kids,Zara Kids,Zara Kids Product,128GB,2,1048,2096
429,C429,22,7,2024,Trichy,Female,50,Sports,Equipment,Yonex,Yonex Product,Small,4,3008,12032
430,C430,15,5,2024,Madurai,Male,44,Home,Kitchen,Pigeon,Pigeon Product,128GB,5,1980,9900
431,C431,7,4,2024,Trichy,Female,40,Grocery,Beverages,CocaCola,CocaCola Product,Large,5,2840,14200
432,C432,4,12,2024,Coimbatore,Female,55,Home,Kitchen,Pigeon,Pigeon Product,256GB,4,304,1216
433,C433,4,9,2024,Salem,Female,27,Electronics,Accessories,Logitech,Logitech Product,Blue,3,1518,4554
434,C434,22,5,2024,Coimbatore,Male,21,Grocery,Food,Tata,Tata Product,256GB,5,464,2320
435,C435,27,6,2024,Chennai,Male,57,Grocery,Beverages,Pepsi,Pepsi Product,Blue,5,2556,12780
436,C436,22,12,2024,Salem,Female,42,Sports,Equipment,Yonex,Yonex Product,Red,3,1863,5589
437,C437,28,10,2024,Chennai,Male,58,Grocery,Food,Tata,Tata Product,256GB,2,2609,5218
438,C438,6,8,2024,Salem,Male,29,Grocery,Beverages,Pepsi,Pepsi Product,Red,4,2486,9944
439,C439,9,9,2024,Madurai,Male,55,Beauty,Skincare,Himalaya,Himalaya Product,Medium,2,527,1054
440,C440,11,3,2024,Trichy,Male,58,Home,Kitchen,Pigeon,Pigeon Product,256GB,5,4706,23530
441,C441,3,6,2024,Coimbatore,Male,29,Home,Furniture,Ikea,Ikea Product,Medium,5,4599,22995
442,C442,3,7,2024,Coimbatore,Male,31,Grocery,Food,Aashirvaad,Aashirvaad Product,Small,3,1989,5967
443,C443,17,10,2024,Chennai,Male,25,Grocery,Food,Aashirvaad,Aashirvaad Product,Blue,5,2197,10985
444,C444,22,1,2024,Coimbatore,Female,25,Sports,Equipment,SG,SG Product,Red,5,3271,16355
445,C445,26,9,2024,Trichy,Female,49,Electronics,Mobile,OnePlus,OnePlus Product,Blue,3,4409,13227
446,C446,4,2,2024,Madurai,Male,58,Electronics,Laptop,Lenovo,Lenovo Product,128GB,2,3675,7350
447,C447,7,2,2024,Trichy,Female,59,Electronics,Accessories,Boat,Boat Product,Blue,1,3961,3961
448,C448,11,12,2024,Salem,Male,22,Electronics,Laptop,Dell,Dell Product,Large,1,4910,4910
449,C449,9,4,2024,Chennai,Female,46,Grocery,Food,Aashirvaad,Aashirvaad Product,Small,1,3390,3390
450,C450,4,11,2024,Trichy,Male,59,Grocery,Beverages,CocaCola,CocaCola Product,128GB,1,3130,3130
451,C451,4,9,2024,Coimbatore,Female,56,Electronics,Mobile,Samsung,Samsung Product,Medium,4,452,1808
452,C452,6,8,2024,Trichy,Male,26,Grocery,Food,Aashirvaad,Aashirvaad Product,128GB,2,2641,5282
453,C453,26,11,2024,Coimbatore,Male,53,Home,Furniture,Ikea,Ikea Product,Red,1,4891,4891
454,C454,13,10,2024,Trichy,Male,37,Clothing,Kids,H&M,H&M Product,Blue,4,4398,17592
455,C455,6,3,2024,Madurai,Male,57,Beauty,Skincare,Nivea,Nivea Product,Blue,5,645,3225
456,C456,15,9,2024,Trichy,Male,36,Grocery,Beverages,Pepsi,Pepsi Product,Red,2,4956,9912
457,C457,11,8,2024,Coimbatore,Male,60,Grocery,Beverages,CocaCola,CocaCola Product,Small,5,771,3855
458,C458,11,4,2024,Chennai,Female,39,Home,Kitchen,Prestige,Prestige Product,Large,5,3185,15925
459,C459,14,6,2024,Madurai,Male,38,Clothing,Men,Puma,Puma Product,128GB,4,2466,9864
460,C460,5,6,2024,Coimbatore,Female,47,Sports,Equipment,SG,SG Product,Medium,5,1091,5455
461,C461,21,3,2024,Trichy,Male,35,Clothing,Kids,Zara Kids,Zara Kids Product,Small,1,817,817
462,C462,28,1,2024,Trichy,Male,55,Home,Kitchen,Prestige,Prestige Product,Red,5,2334,11670
463,C463,18,9,2024,Chennai,Male,41,Sports,Fitness,Decathlon,Decathlon Product,Blue,4,4305,17220
464,C464,3,9,2024,Chennai,Female,50,Electronics,Accessories,Logitech,Logitech Product,256GB,5,1558,7790
465,C465,5,9,2024,Chennai,Male,29,Home,Furniture,HomeTown,HomeTown Product,Small,1,1992,1992
466,C466,8,8,2024,Salem,Female,41,Clothing,Men,Puma,Puma Product,Blue,5,3159,15795
467,C467,16,7,2024,Chennai,Male,20,Grocery,Food,Tata,Tata Product,128GB,5,2440,12200
468,C468,9,12,2024,Trichy,Male,42,Grocery,Food,Aashirvaad,Aashirvaad Product,Large,1,4432,4432
469,C469,13,5,2024,Madurai,Female,40,Beauty,Haircare,Dove,Dove Product,Large,1,4311,4311
470,C470,15,3,2024,Madurai,Male,22,Home,Kitchen,Prestige,Prestige Product,Blue,2,1489,2978
471,C471,20,6,2024,Salem,Male,44,Beauty,Makeup,Lakme,Lakme Product,Medium,4,4124,16496
472,C472,19,4,2024,Madurai,Female,19,Clothing,Men,Nike,Nike Product,Large,5,1519,7595
473,C473,21,3,2024,Trichy,Male,54,Clothing,Men,Nike,Nike Product,Small,2,4432,8864
474,C474,20,7,2024,Trichy,Male,60,Beauty,Skincare,Nivea,Nivea Product,Medium,5,4061,20305
475,C475,6,8,2024,Madurai,Female,56,Clothing,Kids,Zara Kids,Zara Kids Product,Large,5,2366,11830
476,C476,24,3,2024,Coimbatore,Female,56,Home,Furniture,Ikea,Ikea Product,Medium,4,1283,5132
477,C477,1,2,2024,Madurai,Female,27,Home,Furniture,Ikea,Ikea Product,Medium,5,519,2595
478,C478,17,9,2024,Salem,Male,48,Grocery,Beverages,CocaCola,CocaCola Product,256GB,4,4476,17904
479,C479,12,7,2024,Salem,Female,32,Sports,Equipment,SG,SG Product,Large,5,1000,5000
480,C480,5,7,2024,Coimbatore,Female,32,Electronics,Mobile,OnePlus,OnePlus Product,Large,4,2311,9244
481,C481,1,4,2024,Salem,Male,51,Electronics,Mobile,OnePlus,OnePlus Product,Blue,3,3549,10647
482,C482,4,6,2024,Madurai,Female,59,Home,Kitchen,Pigeon,Pigeon Product,256GB,5,3669,18345
483,C483,12,10,2024,Trichy,Female,43,Clothing,Women,Forever21,Forever21 Product,256GB,5,4152,20760
484,C484,12,3,2024,Trichy,Female,34,Beauty,Makeup,Maybelline,Maybelline Product,256GB,4,1331,5324
485,C485,4,11,2024,Madurai,Female,28,Electronics,Laptop,Lenovo,Lenovo Product,Medium,3,4710,14130
486,C486,23,10,2024,Salem,Male,42,Grocery,Beverages,CocaCola,CocaCola Product,256GB,2,4063,8126
487,C487,14,10,2024,Salem,Male,34,Clothing,Women,Zara,Zara Product,Large,1,3348,3348
488,C488,20,7,2024,Trichy,Female,56,Electronics,Laptop,Lenovo,Lenovo Product,Medium,4,287,1148
489,C489,28,4,2024,Trichy,Female,30,Electronics,Accessories,Boat,Boat Product,Large,2,1588,3176
490,C490,2,11,2024,Coimbatore,Male,59,Electronics,Laptop,HP,HP Product,Small,4,3092,12368
491,C491,13,11,2024,Chennai,Male,51,Electronics,Accessories,Boat,Boat Product,Red,1,4702,4702
492,C492,24,5,2024,Trichy,Female,40,Beauty,Skincare,Ponds,Ponds Product,Blue,4,3509,14036
493,C493,1,10,2024,Coimbatore,Male,44,Home,Furniture,Ikea,Ikea Product,Large,3,2985,8955
494,C494,26,2,2024,Trichy,Female,52,Home,Kitchen,Pigeon,Pigeon Product,Medium,5,4161,20805
495,C495,25,4,2024,Coimbatore,Female,47,Home,Furniture,HomeTown,HomeTown Product,Red,3,753,2259
496,C496,21,7,2024,Madurai,Male,38,Sports,Equipment,Yonex,Yonex Product,128GB,3,2233,6699
497,C497,3,5,2024,Chennai,Female,22,Home,Furniture,HomeTown,HomeTown Product,Small,3,1990,5970
498,C498,9,10,2024,Madurai,Male,49,Grocery,Beverages,CocaCola,CocaCola Product,128GB,2,2374,4748
499,C499,8,4,2024,Madurai,Male,57,Beauty,Skincare,Nivea,Nivea Product,Red,1,4235,4235
500,C500,1,10,2024,Trichy,Male,48,Beauty,Makeup,Maybelline,Maybelline Product,Medium,5,2450,12250
501,C501,6,8,2024,Trichy,Female,43,Clothing,Kids,Zara Kids,Zara Kids Product,Red,5,3666,18330
502,C502,18,8,2024,Salem,Female,43,Grocery,Beverages,Pepsi,Pepsi Product,Red,5,3968,19840
503,C503,23,6,2024,Salem,Male,31,Sports,Fitness,Decathlon,Decathlon Product,Small,5,2327,11635
504,C504,18,3,2024,Coimbatore,Male,35,Sports,Equipment,SG,SG Product,Blue,4,3672,14688
505,C505,14,4,2024,Coimbatore,Female,43,Beauty,Haircare,Loreal,Loreal Product,Large,2,4917,9834
506,C506,8,11,2024,Salem,Female,33,Home,Kitchen,Pigeon,Pigeon Product,Blue,2,1425,2850
507,C507,26,8,2024,Salem,Male,44,Sports,Fitness,Decathlon,Decathlon Product,256GB,4,2657,10628
508,C508,18,5,2024,Trichy,Male,43,Electronics,Accessories,Logitech,Logitech Product,Red,2,2283,4566
509,C509,27,8,2024,Salem,Female,39,Beauty,Haircare,Dove,Dove Product,Large,5,2311,11555
510,C510,1,6,2024,Chennai,Male,40,Grocery,Beverages,CocaCola,CocaCola Product,256GB,3,3109,9327
511,C511,22,6,2024,Trichy,Female,46,Electronics,Mobile,OnePlus,OnePlus Product,Small,4,1386,5544
512,C512,21,3,2024,Coimbatore,Female,58,Home,Kitchen,Prestige,Prestige Product,Red,2,3014,6028
513,C513,11,4,2024,Coimbatore,Female,35,Home,Kitchen,Pigeon,Pigeon Product,Medium,3,4467,13401
514,C514,14,8,2024,Madurai,Male,19,Clothing,Kids,Zara Kids,Zara Kids Product,128GB,3,855,2565
515,C515,6,4,2024,Chennai,Male,24,Electronics,Mobile,OnePlus,OnePlus Product,Red,1,3452,3452
516,C516,25,9,2024,Salem,Male,34,Home,Furniture,Ikea,Ikea Product,128GB,4,2734,10936
517,C517,8,4,2024,Coimbatore,Female,58,Clothing,Men,Puma,Puma Product,256GB,2,434,868
518,C518,22,1,2024,Coimbatore,Female,48,Sports,Equipment,SG,SG Product,Blue,5,1650,8250
519,C519,20,10,2024,Chennai,Female,51,Grocery,Food,Aashirvaad,Aashirvaad Product,Medium,5,2060,10300
520,C520,15,2,2024,Coimbatore,Female,44,Beauty,Skincare,Himalaya,Himalaya Product,Red,1,4487,4487
521,C521,12,3,2024,Coimbatore,Female,52,Electronics,Accessories,JBL,JBL Product,256GB,4,2654,10616
522,C522,25,1,2024,Chennai,Female,56,Clothing,Men,Puma,Puma Product,Small,2,3572,7144
523,C523,14,9,2024,Chennai,Male,28,Grocery,Food,Aashirvaad,Aashirvaad Product,Blue,3,848,2544
524,C524,21,7,2024,Madurai,Female,36,Grocery,Food,Aashirvaad,Aashirvaad Product,Blue,1,1694,1694
525,C525,10,3,2024,Salem,Female,57,Sports,Equipment,SG,SG Product,Blue,3,358,1074
526,C526,2,3,2024,Trichy,Male,29,Electronics,Mobile,Samsung,Samsung Product,Blue,4,267,1068
527,C527,3,4,2024,Madurai,Male,49,Clothing,Women,H&M,H&M Product,Small,4,3242,12968
528,C528,23,8,2024,Salem,Female,23,Clothing,Men,Adidas,Adidas Product,256GB,4,784,3136
529,C529,16,9,2024,Madurai,Male,34,Sports,Fitness,Decathlon,Decathlon Product,256GB,2,3352,6704
530,C530,8,8,2024,Salem,Male,47,Grocery,Beverages,CocaCola,CocaCola Product,Medium,4,2756,11024
531,C531,6,6,2024,Salem,Male,34,Sports,Equipment,Yonex,Yonex Product,Small,1,1984,1984
532,C532,8,2,2024,Chennai,Female,18,Clothing,Women,Forever21,Forever21 Product,Red,4,2191,8764
533,C533,2,1,2024,Trichy,Female,56,Clothing,Women,Zara,Zara Product,Blue,2,4295,8590
534,C534,22,2,2024,Trichy,Female,58,Electronics,Laptop,Dell,Dell Product,128GB,2,4593,9186
535,C535,5,2,2024,Chennai,Male,38,Home,Kitchen,Pigeon,Pigeon Product,128GB,2,374,748
536,C536,13,12,2024,Coimbatore,Male,34,Electronics,Mobile,OnePlus,OnePlus Product,Medium,5,2614,13070
537,C537,23,9,2024,Chennai,Male,54,Clothing,Kids,H&M,H&M Product,Small,4,2455,9820
538,C538,28,10,2024,Trichy,Male,22,Home,Furniture,HomeTown,HomeTown Product,Small,3,4636,13908
539,C539,15,6,2024,Salem,Female,29,Electronics,Accessories,JBL,JBL Product,256GB,5,2156,10780
540,C540,24,6,2024,Salem,Female,30,Home,Kitchen,Prestige,Prestige Product,Large,3,2842,8526
541,C541,21,7,2024,Coimbatore,Male,24,Home,Furniture,Ikea,Ikea Product,256GB,2,1663,3326
542,C542,7,1,2024,Salem,Female,30,Electronics,Laptop,Lenovo,Lenovo Product,128GB,4,4213,16852
543,C543,20,9,2024,Trichy,Female,21,Beauty,Skincare,Ponds,Ponds Product,128GB,1,307,307
544,C544,21,4,2024,Chennai,Male,47,Grocery,Beverages,Pepsi,Pepsi Product,Large,4,3223,12892
545,C545,2,12,2024,Trichy,Female,51,Electronics,Accessories,Logitech,Logitech Product,256GB,3,838,2514
546,C546,17,4,2024,Salem,Male,32,Home,Kitchen,Prestige,Prestige Product,Blue,5,2237,11185
547,C547,21,10,2024,Madurai,Female,24,Grocery,Food,Aashirvaad,Aashirvaad Product,128GB,4,1052,4208
548,C548,26,3,2024,Madurai,Female,50,Beauty,Makeup,Lakme,Lakme Product,Large,5,3829,19145
549,C549,11,6,2024,Trichy,Female,41,Sports,Equipment,SG,SG Product,Large,2,4813,9626
550,C550,7,9,2024,Chennai,Female,41,Sports,Equipment,SG,SG Product,Red,1,2530,2530
551,C551,1,10,2024,Trichy,Male,37,Electronics,Mobile,Apple,Apple Product,Blue,3,377,1131
552,C552,27,12,2024,Coimbatore,Male,24,Electronics,Mobile,Samsung,Samsung Product,Blue,2,2370,4740
553,C553,19,6,2024,Madurai,Male,34,Beauty,Skincare,Ponds,Ponds Product,Medium,5,1981,9905
554,C554,3,12,2024,Coimbatore,Female,29,Sports,Fitness,Decathlon,Decathlon Product,Red,5,3325,16625
555,C555,25,2,2024,Salem,Female,40,Sports,Equipment,Yonex,Yonex Product,256GB,2,293,586
556,C556,25,11,2024,Chennai,Male,37,Home,Furniture,HomeTown,HomeTown Product,Large,5,1425,7125
557,C557,17,6,2024,Madurai,Male,21,Grocery,Food,Aashirvaad,Aashirvaad Product,256GB,5,4912,24560
558,C558,3,9,2024,Madurai,Female,36,Sports,Fitness,Decathlon,Decathlon Product,Small,1,4098,4098
559,C559,24,10,2024,Salem,Female,34,Electronics,Mobile,OnePlus,OnePlus Product,Medium,2,1304,2608
560,C560,18,8,2024,Madurai,Female,43,Grocery,Beverages,CocaCola,CocaCola Product,Blue,1,2381,2381
561,C561,11,7,2024,Trichy,Male,25,Grocery,Food,Aashirvaad,Aashirvaad Product,Small,3,1760,5280
562,C562,12,6,2024,Trichy,Male,37,Clothing,Women,Forever21,Forever21 Product,256GB,4,1394,5576
563,C563,2,8,2024,Madurai,Male,41,Clothing,Kids,Zara Kids,Zara Kids Product,Red,1,2191,2191
564,C564,5,10,2024,Coimbatore,Male,39,Grocery,Beverages,Pepsi,Pepsi Product,Medium,4,386,1544
565,C565,7,6,2024,Trichy,Male,31,Home,Kitchen,Pigeon,Pigeon Product,Large,2,350,700
566,C566,19,7,2024,Trichy,Male,34,Clothing,Men,Adidas,Adidas Product,Blue,5,2422,12110
567,C567,15,1,2024,Salem,Male,42,Grocery,Food,Aashirvaad,Aashirvaad Product,256GB,1,356,356
568,C568,28,5,2024,Chennai,Male,42,Home,Furniture,HomeTown,HomeTown Product,Medium,5,4554,22770
569,C569,6,2,2024,Madurai,Female,53,Grocery,Beverages,CocaCola,CocaCola Product,Blue,5,2697,13485
570,C570,16,6,2024,Chennai,Male,19,Beauty,Makeup,Maybelline,Maybelline Product,Small,3,2134,6402
571,C571,9,9,2024,Salem,Female,42,Electronics,Accessories,JBL,JBL Product,Blue,2,2999,5998
572,C572,22,7,2024,Madurai,Male,42,Home,Furniture,HomeTown,HomeTown Product,Blue,5,1451,7255
573,C573,10,7,2024,Trichy,Female,46,Home,Furniture,Ikea,Ikea Product,128GB,2,4959,9918
574,C574,22,9,2024,Madurai,Male,37,Grocery,Beverages,Pepsi,Pepsi Product,256GB,2,4827,9654
575,C575,11,3,2024,Salem,Male,29,Beauty,Skincare,Ponds,Ponds Product,Red,3,3591,10773
576,C576,10,7,2024,Chennai,Female,27,Clothing,Men,Nike,Nike Product,Blue,1,2386,2386
577,C577,19,10,2024,Trichy,Male,56,Clothing,Men,Puma,Puma Product,Red,3,851,2553
578,C578,25,12,2024,Chennai,Male,50,Home,Kitchen,Pigeon,Pigeon Product,Blue,4,4225,16900
579,C579,5,8,2024,Madurai,Male,32,Electronics,Mobile,Apple,Apple Product,Small,4,2023,8092
580,C580,22,12,2024,Madurai,Male,22,Clothing,Women,Forever21,Forever21 Product,Medium,3,3948,11844
581,C581,14,4,2024,Chennai,Male,56,Grocery,Food,Aashirvaad,Aashirvaad Product,Medium,5,4885,24425
582,C582,18,10,2024,Trichy,Male,51,Electronics,Mobile,Samsung,Samsung Product,256GB,1,2212,2212
583,C583,18,9,2024,Chennai,Male,53,Sports,Fitness,Decathlon,Decathlon Product,Small,4,3460,13840
584,C584,25,5,2024,Coimbatore,Female,28,Sports,Equipment,Yonex,Yonex Product,128GB,5,1365,6825
585,C585,27,8,2024,Chennai,Male,50,Electronics,Laptop,Lenovo,Lenovo Product,128GB,5,1308,6540
586,C586,14,7,2024,Coimbatore,Female,19,Clothing,Women,Forever21,Forever21 Product,128GB,2,3924,7848
587,C587,9,2,2024,Coimbatore,Male,25,Electronics,Laptop,Lenovo,Lenovo Product,Medium,3,898,2694
588,C588,23,9,2024,Chennai,Male,42,Home,Kitchen,Prestige,Prestige Product,256GB,2,2945,5890
589,C589,28,10,2024,Madurai,Male,27,Clothing,Kids,Zara Kids,Zara Kids Product,Medium,3,2735,8205
590,C590,25,12,2024,Chennai,Female,58,Clothing,Men,Nike,Nike Product,Blue,1,2273,2273
591,C591,15,1,2024,Chennai,Female,52,Electronics,Accessories,JBL,JBL Product,Blue,2,4097,8194
592,C592,14,8,2024,Chennai,Male,56,Home,Furniture,Ikea,Ikea Product,Large,3,4767,14301
593,C593,2,4,2024,Madurai,Male,21,Grocery,Food,Tata,Tata Product,Blue,1,4935,4935
594,C594,10,10,2024,Coimbatore,Male,21,Electronics,Mobile,Apple,Apple Product,Blue,3,4888,14664
595,C595,6,9,2024,Chennai,Female,20,Electronics,Mobile,Samsung,Samsung Product,Small,4,754,3016
596,C596,27,7,2024,Trichy,Male,36,Sports,Fitness,Decathlon,Decathlon Product,128GB,3,2896,8688
597,C597,14,9,2024,Trichy,Male,31,Home,Furniture,Ikea,Ikea Product,Large,5,918,4590
598,C598,24,8,2024,Trichy,Female,45,Home,Kitchen,Pigeon,Pigeon Product,Large,5,3098,15490
599,C599,20,3,2024,Trichy,Female,51,Grocery,Food,Aashirvaad,Aashirvaad Product,256GB,2,2106,4212
600,C600,10,12,2024,Madurai,Male,25,Electronics,Mobile,OnePlus,OnePlus Product,256GB,1,1898,1898
601,C601,14,10,2024,Chennai,Male,39,Beauty,Makeup,Lakme,Lakme Product,Red,2,2507,5014
602,C602,26,5,2024,Salem,Female,37,Home,Kitchen,Prestige,Prestige Product,Red,3,2996,8988
603,C603,24,7,2024,Trichy,Male,29,Clothing,Women,H&M,H&M Product,128GB,4,4087,16348
604,C604,21,1,2024,Madurai,Female,27,Grocery,Food,Aashirvaad,Aashirvaad Product,Medium,4,658,2632
605,C605,10,9,2024,Trichy,Female,53,Home,Furniture,Ikea,Ikea Product,Large,3,3096,9288
606,C606,5,2,2024,Coimbatore,Male,39,Sports,Fitness,Decathlon,Decathlon Product,Blue,5,1157,5785
607,C607,23,5,2024,Coimbatore,Male,35,Sports,Fitness,Decathlon,Decathlon Product,Blue,3,3902,11706
608,C608,7,5,2024,Trichy,Female,29,Electronics,Mobile,Apple,Apple Product,256GB,2,958,1916
609,C609,17,8,2024,Salem,Female,50,Clothing,Men,Adidas,Adidas Product,Medium,5,2742,13710
610,C610,5,6,2024,Salem,Male,31,Grocery,Beverages,Pepsi,Pepsi Product,Medium,5,1148,5740
611,C611,10,1,2024,Salem,Male,39,Sports,Fitness,Decathlon,Decathlon Product,Large,3,384,1152
612,C612,25,10,2024,Coimbatore,Male,38,Clothing,Men,Adidas,Adidas Product,Small,5,2814,14070
613,C613,22,8,2024,Salem,Female,27,Clothing,Women,Zara,Zara Product,Red,5,4784,23920
614,C614,4,9,2024,Madurai,Female,53,Beauty,Haircare,Loreal,Loreal Product,128GB,3,4902,14706
615,C615,6,4,2024,Salem,Female,57,Beauty,Makeup,Maybelline,Maybelline Product,Red,2,437,874
616,C616,22,8,2024,Salem,Male,42,Electronics,Laptop,Dell,Dell Product,Medium,2,3852,7704
617,C617,12,10,2024,Coimbatore,Female,30,Grocery,Beverages,Pepsi,Pepsi Product,Large,2,961,1922
618,C618,15,12,2024,Salem,Female,37,Grocery,Food,Aashirvaad,Aashirvaad Product,Blue,2,1377,2754
619,C619,9,10,2024,Coimbatore,Female,29,Grocery,Food,Aashirvaad,Aashirvaad Product,Medium,4,447,1788
620,C620,16,2,2024,Salem,Female,48,Sports,Fitness,Decathlon,Decathlon Product,256GB,3,4907,14721
621,C621,17,3,2024,Salem,Female,24,Beauty,Makeup,Lakme,Lakme Product,256GB,3,4564,13692
622,C622,13,8,2024,Trichy,Female,33,Home,Furniture,Ikea,Ikea Product,Medium,4,741,2964
623,C623,7,6,2024,Trichy,Female,45,Home,Kitchen,Prestige,Prestige Product,Blue,1,4903,4903
624,C624,4,8,2024,Trichy,Female,38,Home,Furniture,HomeTown,HomeTown Product,Blue,3,3524,10572
625,C625,20,2,2024,Salem,Female,38,Sports,Fitness,Decathlon,Decathlon Product,Blue,2,4957,9914
626,C626,26,11,2024,Salem,Male,60,Clothing,Women,Forever21,Forever21 Product,Small,4,4934,19736
627,C627,7,8,2024,Madurai,Female,37,Home,Kitchen,Pigeon,Pigeon Product,128GB,3,931,2793
628,C628,1,10,2024,Trichy,Female,26,Beauty,Skincare,Himalaya,Himalaya Product,Large,1,206,206
629,C629,18,12,2024,Coimbatore,Male,36,Electronics,Laptop,Dell,Dell Product,128GB,5,3429,17145
630,C630,11,11,2024,Chennai,Female,42,Sports,Fitness,Decathlon,Decathlon Product,Medium,2,1741,3482
631,C631,13,9,2024,Coimbatore,Female,27,Beauty,Makeup,Lakme,Lakme Product,Blue,1,787,787
632,C632,1,11,2024,Madurai,Female,60,Sports,Fitness,Decathlon,Decathlon Product,Blue,4,3935,15740
633,C633,20,12,2024,Chennai,Male,47,Home,Kitchen,Pigeon,Pigeon Product,Medium,3,2049,6147
634,C634,14,3,2024,Trichy,Male,54,Sports,Fitness,Decathlon,Decathlon Product,Medium,5,4921,24605
635,C635,2,6,2024,Salem,Female,41,Electronics,Accessories,JBL,JBL Product,128GB,1,1363,1363
636,C636,24,12,2024,Trichy,Female,47,Home,Furniture,Ikea,Ikea Product,Blue,4,839,3356
637,C637,21,11,2024,Trichy,Female,57,Electronics,Mobile,OnePlus,OnePlus Product,256GB,1,4040,4040
638,C638,17,8,2024,Chennai,Female,44,Beauty,Haircare,Dove,Dove Product,Blue,1,2690,2690
639,C639,26,12,2024,Trichy,Female,21,Grocery,Food,Tata,Tata Product,Large,1,2590,2590
640,C640,20,12,2024,Salem,Female,49,Electronics,Laptop,Lenovo,Lenovo Product,Red,3,2264,6792
641,C641,20,3,2024,Coimbatore,Female,34,Electronics,Accessories,Logitech,Logitech Product,Large,2,1438,2876
642,C642,15,11,2024,Coimbatore,Male,34,Grocery,Beverages,Pepsi,Pepsi Product,Blue,5,471,2355
643,C643,3,6,2024,Madurai,Male,49,Sports,Equipment,Yonex,Yonex Product,128GB,4,1570,6280
644,C644,19,4,2024,Coimbatore,Male,59,Beauty,Skincare,Nivea,Nivea Product,Blue,4,3466,13864
645,C645,10,8,2024,Chennai,Male,42,Grocery,Food,Aashirvaad,Aashirvaad Product,Small,2,4545,9090
646,C646,1,7,2024,Coimbatore,Female,42,Grocery,Food,Tata,Tata Product,Red,5,3098,15490
647,C647,20,7,2024,Coimbatore,Female,35,Beauty,Skincare,Himalaya,Himalaya Product,128GB,5,3404,17020
648,C648,25,8,2024,Madurai,Male,51,Beauty,Makeup,Lakme,Lakme Product,Small,5,286,1430
649,C649,1,11,2024,Salem,Male,44,Electronics,Accessories,Logitech,Logitech Product,128GB,4,3079,12316
650,C650,24,4,2024,Coimbatore,Female,30,Electronics,Laptop,Lenovo,Lenovo Product,Red,1,1976,1976
651,C651,21,10,2024,Salem,Male,23,Home,Furniture,HomeTown,HomeTown Product,128GB,5,1713,8565
652,C652,23,2,2024,Madurai,Female,36,Sports,Fitness,Decathlon,Decathlon Product,Small,4,2849,11396
653,C653,6,5,2024,Salem,Female,21,Sports,Equipment,SG,SG Product,Red,3,2368,7104
654,C654,15,3,2024,Salem,Female,30,Home,Kitchen,Prestige,Prestige Product,128GB,4,1088,4352
655,C655,18,3,2024,Chennai,Male,57,Grocery,Beverages,Pepsi,Pepsi Product,128GB,3,1046,3138
656,C656,3,1,2024,Salem,Female,46,Electronics,Mobile,Apple,Apple Product,128GB,1,509,509
657,C657,13,11,2024,Coimbatore,Male,39,Sports,Fitness,Decathlon,Decathlon Product,Medium,4,3508,14032
658,C658,25,12,2024,Salem,Male,18,Sports,Equipment,Yonex,Yonex Product,Large,5,3140,15700
659,C659,22,6,2024,Coimbatore,Female,21,Grocery,Beverages,Pepsi,Pepsi Product,Large,3,859,2577
660,C660,25,8,2024,Coimbatore,Male,29,Home,Furniture,HomeTown,HomeTown Product,128GB,2,2648,5296
661,C661,13,12,2024,Salem,Female,49,Electronics,Accessories,JBL,JBL Product,128GB,2,1346,2692
662,C662,7,1,2024,Salem,Male,49,Sports,Fitness,Decathlon,Decathlon Product,Medium,5,3880,19400
663,C663,2,1,2024,Coimbatore,Male,39,Grocery,Beverages,Pepsi,Pepsi Product,Red,2,4485,8970
664,C664,22,8,2024,Trichy,Male,55,Clothing,Men,Nike,Nike Product,128GB,2,4205,8410
665,C665,1,11,2024,Chennai,Male,33,Grocery,Beverages,CocaCola,CocaCola Product,Blue,1,2717,2717
666,C666,15,2,2024,Trichy,Male,55,Electronics,Laptop,HP,HP Product,Medium,5,2006,10030
667,C667,26,2,2024,Madurai,Female,39,Grocery,Food,Aashirvaad,Aashirvaad Product,Red,5,4671,23355
668,C668,11,3,2024,Madurai,Male,55,Clothing,Women,Zara,Zara Product,Red,3,1357,4071
669,C669,6,7,2024,Coimbatore,Male,46,Clothing,Kids,Zara Kids,Zara Kids Product,Blue,1,3281,3281
670,C670,1,3,2024,Chennai,Male,18,Electronics,Laptop,HP,HP Product,128GB,5,2524,12620
671,C671,23,7,2024,Chennai,Male,31,Clothing,Kids,H&M,H&M Product,Large,4,3575,14300
672,C672,6,4,2024,Trichy,Male,56,Clothing,Kids,H&M,H&M Product,Large,1,2667,2667
673,C673,14,6,2024,Salem,Male,30,Electronics,Accessories,Logitech,Logitech Product,Large,3,4621,13863
674,C674,8,9,2024,Chennai,Male,35,Electronics,Laptop,HP,HP Product,256GB,2,4086,8172
675,C675,6,8,2024,Madurai,Male,21,Grocery,Food,Aashirvaad,Aashirvaad Product,Blue,4,2259,9036
676,C676,20,6,2024,Chennai,Male,24,Grocery,Beverages,CocaCola,CocaCola Product,Blue,1,4173,4173
677,C677,4,9,2024,Salem,Male,46,Home,Kitchen,Pigeon,Pigeon Product,Blue,3,2084,6252
678,C678,11,2,2024,Madurai,Male,33,Grocery,Food,Tata,Tata Product,Medium,2,802,1604
679,C679,19,8,2024,Chennai,Male,45,Clothing,Men,Puma,Puma Product,Medium,2,3373,6746
680,C680,5,6,2024,Chennai,Male,58,Beauty,Haircare,Loreal,Loreal Product,Small,2,462,924
681,C681,19,12,2024,Salem,Female,26,Electronics,Mobile,Samsung,Samsung Product,Medium,2,3014,6028
682,C682,10,4,2024,Trichy,Male,58,Home,Furniture,Ikea,Ikea Product,Red,4,4474,17896
683,C683,28,8,2024,Madurai,Female,47,Beauty,Skincare,Ponds,Ponds Product,Medium,2,2230,4460
684,C684,14,6,2024,Trichy,Male,55,Clothing,Kids,Zara Kids,Zara Kids Product,Medium,1,528,528
685,C685,24,8,2024,Trichy,Male,45,Home,Kitchen,Pigeon,Pigeon Product,256GB,1,3906,3906
686,C686,8,8,2024,Salem,Male,44,Clothing,Men,Adidas,Adidas Product,Small,2,943,1886
687,C687,16,1,2024,Coimbatore,Male,47,Home,Furniture,HomeTown,HomeTown Product,Medium,2,3520,7040
688,C688,26,3,2024,Coimbatore,Female,58,Electronics,Accessories,Logitech,Logitech Product,Medium,3,4549,13647
689,C689,10,1,2024,Chennai,Female,57,Home,Furniture,Ikea,Ikea Product,Large,3,649,1947
690,C690,22,9,2024,Coimbatore,Male,25,Sports,Equipment,SG,SG Product,Large,1,3194,3194
691,C691,6,6,2024,Trichy,Male,53,Grocery,Beverages,CocaCola,CocaCola Product,Small,2,4620,9240
692,C692,21,2,2024,Chennai,Male,32,Beauty,Haircare,Dove,Dove Product,Large,4,2470,9880
693,C693,3,1,2024,Coimbatore,Female,46,Sports,Fitness,Decathlon,Decathlon Product,128GB,5,4565,22825
694,C694,15,5,2024,Trichy,Female,22,Clothing,Women,Zara,Zara Product,Red,4,1664,6656
695,C695,3,5,2024,Salem,Male,35,Electronics,Accessories,Logitech,Logitech Product,Medium,2,1873,3746
696,C696,21,9,2024,Salem,Female,44,Grocery,Beverages,Pepsi,Pepsi Product,Small,4,3836,15344
697,C697,21,12,2024,Salem,Female,30,Electronics,Laptop,HP,HP Product,256GB,5,2951,14755
698,C698,19,7,2024,Coimbatore,Female,49,Home,Kitchen,Pigeon,Pigeon Product,Small,5,1280,6400
699,C699,6,5,2024,Coimbatore,Male,48,Beauty,Haircare,Loreal,Loreal Product,Blue,3,2529,7587
700,C700,6,8,2024,Trichy,Male,52,Beauty,Skincare,Nivea,Nivea Product,256GB,2,1520,3040
701,C701,4,4,2024,Salem,Female,54,Clothing,Women,H&M,H&M Product,Small,2,1880,3760
702,C702,23,9,2024,Salem,Female,40,Clothing,Women,H&M,H&M Product,Large,2,4571,9142
703,C703,4,5,2024,Salem,Female,49,Clothing,Women,H&M,H&M Product,Blue,1,4674,4674
704,C704,11,9,2024,Coimbatore,Female,36,Home,Furniture,HomeTown,HomeTown Product,Small,1,4123,4123
705,C705,5,1,2024,Trichy,Male,37,Electronics,Mobile,OnePlus,OnePlus Product,256GB,2,3853,7706
706,C706,3,6,2024,Coimbatore,Male,56,Grocery,Beverages,CocaCola,CocaCola Product,256GB,3,1803,5409
707,C707,3,1,2024,Trichy,Female,60,Electronics,Accessories,JBL,JBL Product,Blue,4,2803,11212
708,C708,20,10,2024,Trichy,Male,60,Beauty,Haircare,Loreal,Loreal Product,128GB,4,3228,12912
709,C709,12,7,2024,Salem,Female,40,Beauty,Haircare,Dove,Dove Product,256GB,5,917,4585
710,C710,24,4,2024,Chennai,Female,46,Beauty,Skincare,Ponds,Ponds Product,Medium,4,1343,5372
711,C711,20,10,2024,Salem,Male,31,Beauty,Haircare,Dove,Dove Product,Red,5,3278,16390
712,C712,1,2,2024,Chennai,Female,44,Clothing,Kids,H&M,H&M Product,128GB,5,1321,6605
713,C713,6,4,2024,Chennai,Female,53,Sports,Fitness,Decathlon,Decathlon Product,256GB,5,2689,13445
714,C714,18,8,2024,Chennai,Male,19,Electronics,Laptop,Dell,Dell Product,Small,4,1217,4868
715,C715,22,11,2024,Coimbatore,Female,29,Sports,Fitness,Decathlon,Decathlon Product,Red,3,4239,12717
716,C716,20,2,2024,Coimbatore,Female,54,Sports,Equipment,SG,SG Product,128GB,1,3257,3257
717,C717,24,9,2024,Trichy,Male,34,Clothing,Kids,Zara Kids,Zara Kids Product,Blue,3,3976,11928
718,C718,5,12,2024,Coimbatore,Male,21,Beauty,Haircare,Dove,Dove Product,128GB,3,599,1797
719,C719,10,5,2024,Trichy,Male,50,Clothing,Kids,Zara Kids,Zara Kids Product,256GB,1,1569,1569
720,C720,11,9,2024,Coimbatore,Female,35,Grocery,Food,Tata,Tata Product,Large,5,3080,15400
721,C721,1,3,2024,Madurai,Female,41,Sports,Equipment,SG,SG Product,Blue,1,1984,1984
722,C722,17,3,2024,Madurai,Male,53,Home,Furniture,HomeTown,HomeTown Product,Medium,1,1154,1154
723,C723,1,3,2024,Chennai,Female,37,Grocery,Food,Tata,Tata Product,256GB,4,4485,17940
724,C724,6,6,2024,Coimbatore,Male,25,Clothing,Men,Puma,Puma Product,Blue,2,2718,5436
725,C725,7,3,2024,Madurai,Male,45,Grocery,Beverages,CocaCola,CocaCola Product,Red,4,3732,14928
726,C726,7,1,2024,Salem,Male,60,Home,Furniture,HomeTown,HomeTown Product,Red,3,554,1662
727,C727,10,2,2024,Salem,Male,25,Home,Furniture,Ikea,Ikea Product,Blue,3,439,1317
728,C728,5,2,2024,Coimbatore,Female,40,Clothing,Kids,Zara Kids,Zara Kids Product,Large,5,759,3795
729,C729,27,2,2024,Trichy,Male,51,Clothing,Kids,Zara Kids,Zara Kids Product,Small,2,4600,9200
730,C730,24,1,2024,Salem,Male,50,Grocery,Food,Aashirvaad,Aashirvaad Product,128GB,5,1716,8580
731,C731,22,8,2024,Salem,Male,40,Sports,Equipment,Yonex,Yonex Product,Large,2,3538,7076
732,C732,25,2,2024,Coimbatore,Male,47,Electronics,Accessories,Logitech,Logitech Product,Medium,3,2561,7683
733,C733,24,9,2024,Salem,Male,38,Sports,Fitness,Decathlon,Decathlon Product,Small,4,2755,11020
734,C734,27,11,2024,Chennai,Male,53,Sports,Equipment,SG,SG Product,Blue,1,4096,4096
735,C735,12,11,2024,Madurai,Male,49,Grocery,Beverages,Pepsi,Pepsi Product,Medium,5,896,4480
736,C736,5,2,2024,Chennai,Female,55,Electronics,Accessories,Logitech,Logitech Product,Red,3,1830,5490
737,C737,7,6,2024,Trichy,Female,25,Clothing,Women,Forever21,Forever21 Product,Medium,3,4967,14901
738,C738,9,10,2024,Chennai,Female,48,Grocery,Food,Aashirvaad,Aashirvaad Product,Large,3,1407,4221
739,C739,4,8,2024,Salem,Female,49,Sports,Fitness,Decathlon,Decathlon Product,Red,1,632,632
740,C740,16,2,2024,Salem,Male,42,Home,Kitchen,Prestige,Prestige Product,Small,5,989,4945
741,C741,22,2,2024,Trichy,Female,47,Clothing,Women,Forever21,Forever21 Product,Medium,4,4335,17340
742,C742,18,5,2024,Coimbatore,Male,20,Sports,Fitness,Decathlon,Decathlon Product,Medium,3,3282,9846
743,C743,15,8,2024,Salem,Male,29,Home,Kitchen,Prestige,Prestige Product,Medium,4,1301,5204
744,C744,23,5,2024,Chennai,Female,25,Home,Kitchen,Pigeon,Pigeon Product,Medium,5,1480,7400
745,C745,2,9,2024,Chennai,Female,49,Home,Kitchen,Pigeon,Pigeon Product,256GB,3,2825,8475
746,C746,1,1,2024,Trichy,Male,26,Beauty,Haircare,Loreal,Loreal Product,256GB,3,3317,9951
747,C747,14,2,2024,Coimbatore,Female,44,Beauty,Skincare,Ponds,Ponds Product,Blue,2,2122,4244
748,C748,10,11,2024,Trichy,Male,22,Beauty,Skincare,Himalaya,Himalaya Product,Blue,1,4610,4610
749,C749,2,6,2024,Chennai,Female,54,Home,Kitchen,Pigeon,Pigeon Product,Red,4,382,1528
750,C750,13,6,2024,Trichy,Female,38,Home,Furniture,HomeTown,HomeTown Product,Red,2,2952,5904
751,C751,17,8,2024,Coimbatore,Male,57,Beauty,Haircare,Dove,Dove Product,Blue,4,817,3268
752,C752,7,9,2024,Coimbatore,Female,21,Beauty,Makeup,Maybelline,Maybelline Product,256GB,2,953,1906
753,C753,28,12,2024,Trichy,Male,55,Beauty,Haircare,Loreal,Loreal Product,Large,5,4093,20465
754,C754,7,7,2024,Coimbatore,Male,59,Beauty,Makeup,Maybelline,Maybelline Product,Medium,5,2766,13830
755,C755,14,4,2024,Chennai,Female,57,Home,Kitchen,Prestige,Prestige Product,Red,5,1728,8640
756,C756,16,10,2024,Madurai,Female,35,Grocery,Food,Tata,Tata Product,Large,2,3184,6368
757,C757,5,8,2024,Madurai,Male,37,Sports,Equipment,SG,SG Product,256GB,1,1867,1867
758,C758,9,7,2024,Coimbatore,Male,34,Grocery,Beverages,Pepsi,Pepsi Product,Blue,1,1428,1428
759,C759,1,4,2024,Madurai,Female,47,Sports,Equipment,SG,SG Product,128GB,1,1854,1854
760,C760,9,3,2024,Madurai,Male,34,Beauty,Makeup,Lakme,Lakme Product,128GB,1,4180,4180
761,C761,2,1,2024,Salem,Female,56,Beauty,Skincare,Himalaya,Himalaya Product,Small,1,3451,3451
762,C762,27,12,2024,Madurai,Male,25,Home,Furniture,HomeTown,HomeTown Product,Medium,1,2150,2150
763,C763,4,10,2024,Coimbatore,Female,55,Grocery,Food,Tata,Tata Product,Medium,2,1381,2762
764,C764,6,2,2024,Madurai,Female,46,Sports,Equipment,Yonex,Yonex Product,Medium,5,3269,16345
765,C765,4,12,2024,Coimbatore,Female,48,Grocery,Beverages,Pepsi,Pepsi Product,256GB,2,3173,6346
766,C766,23,8,2024,Coimbatore,Female,19,Grocery,Beverages,CocaCola,CocaCola Product,128GB,2,2272,4544
767,C767,13,9,2024,Coimbatore,Female,25,Home,Furniture,HomeTown,HomeTown Product,Medium,1,3419,3419
768,C768,10,5,2024,Salem,Male,37,Clothing,Men,Adidas,Adidas Product,128GB,3,3528,10584
769,C769,9,1,2024,Salem,Female,48,Grocery,Food,Aashirvaad,Aashirvaad Product,128GB,4,1022,4088
770,C770,23,3,2024,Coimbatore,Male,40,Sports,Equipment,SG,SG Product,128GB,1,626,626
771,C771,21,11,2024,Madurai,Female,59,Clothing,Men,Adidas,Adidas Product,Blue,3,2770,8310
772,C772,3,10,2024,Salem,Male,33,Home,Furniture,HomeTown,HomeTown Product,256GB,3,3898,11694
773,C773,28,8,2024,Madurai,Female,29,Grocery,Food,Aashirvaad,Aashirvaad Product,Blue,1,3595,3595
774,C774,6,6,2024,Chennai,Female,54,Clothing,Men,Nike,Nike Product,Large,5,2073,10365
775,C775,15,2,2024,Madurai,Female,28,Electronics,Mobile,OnePlus,OnePlus Product,Medium,5,2331,11655
776,C776,3,3,2024,Coimbatore,Male,54,Electronics,Laptop,Lenovo,Lenovo Product,Large,4,3916,15664
777,C777,16,11,2024,Salem,Male,31,Clothing,Women,H&M,H&M Product,128GB,4,3329,13316
778,C778,14,3,2024,Madurai,Male,36,Grocery,Beverages,Pepsi,Pepsi Product,Blue,4,1395,5580
779,C779,10,1,2024,Coimbatore,Male,57,Sports,Fitness,Decathlon,Decathlon Product,Large,4,902,3608
780,C780,16,1,2024,Madurai,Female,43,Grocery,Beverages,Pepsi,Pepsi Product,128GB,4,2299,9196
781,C781,4,2,2024,Trichy,Male,21,Beauty,Skincare,Himalaya,Himalaya Product,Small,5,572,2860
782,C782,9,1,2024,Trichy,Female,37,Sports,Equipment,Yonex,Yonex Product,Large,1,4955,4955
783,C783,9,3,2024,Madurai,Female,39,Sports,Fitness,Decathlon,Decathlon Product,Small,5,3746,18730
784,C784,9,3,2024,Salem,Female,20,Clothing,Women,H&M,H&M Product,128GB,3,3723,11169
785,C785,9,5,2024,Trichy,Female,51,Beauty,Haircare,Loreal,Loreal Product,Small,4,1439,5756
786,C786,28,9,2024,Chennai,Male,30,Clothing,Men,Nike,Nike Product,Blue,1,4052,4052
787,C787,6,5,2024,Chennai,Female,25,Sports,Fitness,Decathlon,Decathlon Product,Small,5,4174,20870
788,C788,16,8,2024,Salem,Male,25,Beauty,Skincare,Nivea,Nivea Product,256GB,3,1679,5037
789,C789,24,3,2024,Trichy,Female,54,Grocery,Beverages,CocaCola,CocaCola Product,Large,5,1679,8395
790,C790,3,7,2024,Madurai,Female,24,Beauty,Skincare,Himalaya,Himalaya Product,128GB,1,3429,3429
791,C791,19,6,2024,Salem,Female,27,Electronics,Laptop,Dell,Dell Product,256GB,4,3919,15676
792,C792,9,11,2024,Trichy,Male,39,Electronics,Accessories,Boat,Boat Product,Medium,3,4862,14586
793,C793,7,3,2024,Salem,Female,38,Electronics,Accessories,Logitech,Logitech Product,Large,5,3324,16620
794,C794,13,2,2024,Coimbatore,Male,33,Sports,Fitness,Decathlon,Decathlon Product,256GB,2,1534,3068
795,C795,25,7,2024,Chennai,Female,59,Grocery,Beverages,CocaCola,CocaCola Product,Small,4,3741,14964
796,C796,26,12,2024,Coimbatore,Male,40,Grocery,Beverages,Pepsi,Pepsi Product,Large,2,4210,8420
797,C797,13,8,2024,Chennai,Female,54,Home,Kitchen,Prestige,Prestige Product,256GB,4,3216,12864
798,C798,6,10,2024,Chennai,Female,23,Electronics,Accessories,JBL,JBL Product,Medium,2,1470,2940
799,C799,17,8,2024,Trichy,Male,36,Sports,Equipment,Yonex,Yonex Product,256GB,4,2660,10640
800,C800,5,3,2024,Coimbatore,Male,51,Sports,Equipment,Yonex,Yonex Product,Large,1,569,569
801,C801,4,9,2024,Trichy,Female,44,Electronics,Mobile,OnePlus,OnePlus Product,128GB,5,2275,11375
802,C802,9,6,2024,Trichy,Male,50,Electronics,Laptop,Lenovo,Lenovo Product,128GB,4,1670,6680
803,C803,27,3,2024,Chennai,Male,23,Sports,Equipment,SG,SG Product,Large,4,3885,15540
804,C804,26,10,2024,Coimbatore,Female,29,Clothing,Men,Nike,Nike Product,128GB,5,2324,11620
805,C805,4,11,2024,Chennai,Male,18,Sports,Fitness,Decathlon,Decathlon Product,Blue,4,3969,15876
806,C806,13,12,2024,Trichy,Female,37,Home,Kitchen,Pigeon,Pigeon Product,256GB,3,917,2751
807,C807,5,3,2024,Salem,Male,25,Electronics,Accessories,Logitech,Logitech Product,256GB,1,1914,1914
808,C808,21,8,2024,Madurai,Male,45,Grocery,Beverages,CocaCola,CocaCola Product,Small,4,1413,5652
809,C809,14,8,2024,Salem,Male,28,Clothing,Kids,H&M,H&M Product,Medium,4,360,1440
810,C810,19,8,2024,Madurai,Male,36,Home,Kitchen,Prestige,Prestige Product,Small,1,1041,1041
811,C811,28,11,2024,Chennai,Female,49,Grocery,Food,Tata,Tata Product,Medium,4,4182,16728
812,C812,19,9,2024,Trichy,Female,32,Grocery,Beverages,CocaCola,CocaCola Product,Medium,5,2787,13935
813,C813,3,9,2024,Coimbatore,Female,48,Electronics,Mobile,OnePlus,OnePlus Product,128GB,3,3872,11616
814,C814,14,12,2024,Salem,Male,36,Grocery,Beverages,Pepsi,Pepsi Product,Small,4,2101,8404
815,C815,8,9,2024,Trichy,Female,56,Grocery,Food,Tata,Tata Product,Small,4,3614,14456
816,C816,21,11,2024,Coimbatore,Female,28,Home,Furniture,HomeTown,HomeTown Product,128GB,1,4155,4155
817,C817,6,3,2024,Madurai,Male,56,Sports,Fitness,Decathlon,Decathlon Product,Medium,3,2122,6366
818,C818,18,4,2024,Salem,Male,40,Beauty,Haircare,Loreal,Loreal Product,Blue,5,461,2305
819,C819,11,2,2024,Chennai,Male,57,Clothing,Men,Puma,Puma Product,Blue,4,2312,9248
820,C820,26,6,2024,Coimbatore,Male,53,Beauty,Skincare,Ponds,Ponds Product,256GB,5,1053,5265
821,C821,2,12,2024,Chennai,Female,25,Electronics,Accessories,Boat,Boat Product,256GB,1,4807,4807
822,C822,17,1,2024,Salem,Male,58,Electronics,Laptop,Dell,Dell Product,Blue,3,3816,11448
823,C823,16,9,2024,Salem,Male,59,Beauty,Haircare,Loreal,Loreal Product,Red,2,3797,7594
824,C824,25,7,2024,Salem,Male,48,Beauty,Haircare,Loreal,Loreal Product,Red,3,3250,9750
825,C825,25,12,2024,Chennai,Female,58,Grocery,Beverages,CocaCola,CocaCola Product,256GB,5,3654,18270
826,C826,5,4,2024,Chennai,Female,44,Sports,Equipment,Yonex,Yonex Product,Medium,2,281,562
827,C827,26,12,2024,Trichy,Male,23,Beauty,Haircare,Dove,Dove Product,256GB,2,3755,7510
828,C828,13,1,2024,Salem,Male,54,Electronics,Accessories,Boat,Boat Product,256GB,5,2622,13110
829,C829,13,7,2024,Trichy,Female,38,Beauty,Skincare,Himalaya,Himalaya Product,Large,5,1403,7015
830,C830,13,12,2024,Chennai,Male,52,Home,Kitchen,Pigeon,Pigeon Product,256GB,4,1816,7264
831,C831,3,5,2024,Salem,Female,42,Grocery,Beverages,Pepsi,Pepsi Product,Blue,1,4391,4391
832,C832,10,9,2024,Trichy,Female,58,Clothing,Men,Nike,Nike Product,256GB,5,2319,11595
833,C833,27,4,2024,Coimbatore,Female,50,Electronics,Accessories,Logitech,Logitech Product,256GB,3,2327,6981
834,C834,17,11,2024,Coimbatore,Male,21,Grocery,Beverages,Pepsi,Pepsi Product,Small,5,242,1210
835,C835,11,8,2024,Madurai,Male,40,Beauty,Haircare,Loreal,Loreal Product,128GB,4,4457,17828
836,C836,8,12,2024,Salem,Female,51,Home,Furniture,HomeTown,HomeTown Product,Medium,1,1400,1400
837,C837,14,12,2024,Chennai,Male,23,Electronics,Mobile,Apple,Apple Product,Medium,2,3854,7708
838,C838,12,2,2024,Trichy,Female,55,Home,Kitchen,Pigeon,Pigeon Product,Large,4,3668,14672
839,C839,23,8,2024,Chennai,Female,28,Clothing,Kids,Zara Kids,Zara Kids Product,Medium,4,1259,5036
840,C840,17,12,2024,Trichy,Male,31,Sports,Equipment,Yonex,Yonex Product,128GB,2,4779,9558
841,C841,4,6,2024,Trichy,Female,25,Electronics,Mobile,OnePlus,OnePlus Product,Small,1,4482,4482
842,C842,4,3,2024,Coimbatore,Female,41,Beauty,Haircare,Dove,Dove Product,Red,2,1364,2728
843,C843,14,10,2024,Salem,Female,36,Clothing,Men,Puma,Puma Product,Medium,1,1202,1202
844,C844,12,9,2024,Salem,Male,44,Sports,Equipment,SG,SG Product,Small,4,4093,16372
845,C845,27,12,2024,Trichy,Male,26,Home,Kitchen,Pigeon,Pigeon Product,128GB,4,1420,5680
846,C846,11,12,2024,Salem,Female,42,Clothing,Women,H&M,H&M Product,Large,1,3829,3829
847,C847,9,12,2024,Salem,Male,19,Home,Kitchen,Prestige,Prestige Product,128GB,5,897,4485
848,C848,20,4,2024,Trichy,Male,54,Home,Furniture,HomeTown,HomeTown Product,Large,1,1185,1185
849,C849,18,11,2024,Madurai,Male,35,Clothing,Men,Puma,Puma Product,256GB,5,3839,19195
850,C850,26,2,2024,Trichy,Female,43,Home,Furniture,HomeTown,HomeTown Product,256GB,1,2984,2984
851,C851,6,7,2024,Chennai,Male,51,Beauty,Haircare,Dove,Dove Product,Red,1,1013,1013
852,C852,6,9,2024,Coimbatore,Male,29,Beauty,Skincare,Nivea,Nivea Product,Small,4,1586,6344
853,C853,20,1,2024,Coimbatore,Male,19,Grocery,Beverages,Pepsi,Pepsi Product,Medium,1,2821,2821
854,C854,14,3,2024,Coimbatore,Female,42,Electronics,Laptop,HP,HP Product,Blue,5,5000,25000
855,C855,16,4,2024,Trichy,Female,25,Beauty,Skincare,Himalaya,Himalaya Product,Medium,5,3534,17670
856,C856,16,2,2024,Salem,Female,58,Clothing,Men,Adidas,Adidas Product,Large,5,1031,5155
857,C857,25,4,2024,Trichy,Male,37,Home,Kitchen,Pigeon,Pigeon Product,Red,5,1866,9330
858,C858,12,3,2024,Trichy,Male,33,Home,Kitchen,Pigeon,Pigeon Product,Red,1,4006,4006
859,C859,10,10,2024,Madurai,Male,21,Sports,Equipment,SG,SG Product,256GB,4,3078,12312
860,C860,7,11,2024,Trichy,Female,20,Clothing,Kids,Zara Kids,Zara Kids Product,Small,1,3438,3438
861,C861,4,12,2024,Madurai,Female,45,Clothing,Kids,H&M,H&M Product,128GB,3,2341,7023
862,C862,15,12,2024,Coimbatore,Male,60,Beauty,Haircare,Loreal,Loreal Product,Medium,5,2890,14450
863,C863,23,1,2024,Madurai,Male,56,Sports,Fitness,Decathlon,Decathlon Product,128GB,2,3584,7168
864,C864,23,9,2024,Chennai,Female,52,Electronics,Accessories,Boat,Boat Product,Red,5,453,2265
865,C865,15,11,2024,Salem,Female,42,Home,Kitchen,Pigeon,Pigeon Product,Blue,1,1222,1222
866,C866,12,8,2024,Madurai,Female,18,Clothing,Kids,Zara Kids,Zara Kids Product,256GB,3,3131,9393
867,C867,3,4,2024,Trichy,Female,32,Clothing,Women,H&M,H&M Product,Red,3,4237,12711
868,C868,23,12,2024,Trichy,Male,18,Clothing,Kids,H&M,H&M Product,Red,3,4862,14586
869,C869,16,9,2024,Madurai,Male,60,Grocery,Beverages,CocaCola,CocaCola Product,Large,2,732,1464
870,C870,9,3,2024,Trichy,Male,51,Grocery,Food,Tata,Tata Product,256GB,1,4565,4565
871,C871,9,10,2024,Trichy,Female,18,Sports,Fitness,Decathlon,Decathlon Product,Medium,4,2444,9776
872,C872,22,2,2024,Trichy,Female,49,Beauty,Makeup,Lakme,Lakme Product,128GB,2,584,1168
873,C873,14,5,2024,Trichy,Female,38,Electronics,Mobile,Apple,Apple Product,Small,1,4884,4884
874,C874,24,1,2024,Madurai,Female,22,Clothing,Men,Nike,Nike Product,Small,3,714,2142
875,C875,21,11,2024,Salem,Male,48,Sports,Fitness,Decathlon,Decathlon Product,256GB,3,2224,6672
876,C876,16,2,2024,Madurai,Female,21,Beauty,Makeup,Lakme,Lakme Product,Red,5,3792,18960
877,C877,21,2,2024,Chennai,Male,23,Electronics,Laptop,Dell,Dell Product,Small,1,1244,1244
878,C878,26,1,2024,Chennai,Male,37,Home,Kitchen,Prestige,Prestige Product,Red,1,4781,4781
879,C879,10,1,2024,Chennai,Female,24,Home,Kitchen,Prestige,Prestige Product,256GB,5,286,1430
880,C880,13,8,2024,Chennai,Female,57,Home,Furniture,HomeTown,HomeTown Product,128GB,1,3919,3919
881,C881,11,9,2024,Trichy,Male,24,Electronics,Laptop,Lenovo,Lenovo Product,128GB,1,1786,1786
882,C882,5,10,2024,Trichy,Female,40,Sports,Equipment,SG,SG Product,Blue,2,1327,2654
883,C883,2,1,2024,Madurai,Female,55,Sports,Equipment,SG,SG Product,Large,5,1392,6960
884,C884,16,3,2024,Coimbatore,Female,36,Beauty,Skincare,Ponds,Ponds Product,Large,2,669,1338
885,C885,17,4,2024,Trichy,Male,45,Beauty,Skincare,Nivea,Nivea Product,128GB,2,760,1520
886,C886,7,6,2024,Chennai,Female,56,Grocery,Food,Aashirvaad,Aashirvaad Product,Large,3,3629,10887
887,C887,6,6,2024,Salem,Female,20,Sports,Fitness,Decathlon,Decathlon Product,128GB,2,2086,4172
888,C888,20,8,2024,Madurai,Male,48,Grocery,Food,Aashirvaad,Aashirvaad Product,Blue,4,1709,6836
889,C889,12,1,2024,Salem,Male,40,Electronics,Accessories,Logitech,Logitech Product,Blue,3,3807,11421
890,C890,21,4,2024,Trichy,Female,20,Electronics,Laptop,HP,HP Product,Small,2,1993,3986
891,C891,24,5,2024,Madurai,Female,53,Clothing,Men,Nike,Nike Product,Red,2,2344,4688
892,C892,1,2,2024,Madurai,Female,59,Electronics,Mobile,Apple,Apple Product,Small,4,2167,8668
893,C893,26,6,2024,Coimbatore,Male,51,Home,Kitchen,Prestige,Prestige Product,Red,2,1271,2542
894,C894,7,4,2024,Trichy,Female,41,Beauty,Makeup,Maybelline,Maybelline Product,128GB,2,578,1156
895,C895,19,10,2024,Madurai,Female,27,Beauty,Skincare,Nivea,Nivea Product,128GB,3,1235,3705
896,C896,19,9,2024,Chennai,Male,23,Sports,Fitness,Decathlon,Decathlon Product,Large,4,4371,17484
897,C897,16,6,2024,Trichy,Female,29,Beauty,Makeup,Maybelline,Maybelline Product,Large,4,4253,17012
898,C898,9,8,2024,Trichy,Female,58,Home,Furniture,Ikea,Ikea Product,Blue,2,3903,7806
899,C899,13,4,2024,Madurai,Female,45,Sports,Fitness,Decathlon,Decathlon Product,Small,5,894,4470
900,C900,25,3,2024,Salem,Female,46,Home,Kitchen,Prestige,Prestige Product,Large,1,4011,4011
901,C901,20,9,2024,Coimbatore,Female,46,Sports,Equipment,SG,SG Product,Small,4,2797,11188
902,C902,13,5,2024,Salem,Male,46,Clothing,Women,Forever21,Forever21 Product,Red,3,875,2625
903,C903,27,5,2024,Trichy,Male,35,Clothing,Men,Nike,Nike Product,Red,3,513,1539
904,C904,7,9,2024,Coimbatore,Male,39,Beauty,Haircare,Dove,Dove Product,Blue,5,1329,6645
905,C905,24,12,2024,Trichy,Female,18,Beauty,Haircare,Dove,Dove Product,256GB,4,3523,14092
906,C906,25,10,2024,Salem,Female,59,Home,Furniture,HomeTown,HomeTown Product,Blue,2,1919,3838
907,C907,8,8,2024,Trichy,Female,47,Beauty,Skincare,Himalaya,Himalaya Product,256GB,2,3712,7424
908,C908,14,12,2024,Madurai,Female,46,Home,Furniture,HomeTown,HomeTown Product,Blue,5,1251,6255
909,C909,24,5,2024,Salem,Female,60,Beauty,Haircare,Loreal,Loreal Product,Medium,4,3504,14016
910,C910,18,12,2024,Coimbatore,Female,55,Electronics,Accessories,Logitech,Logitech Product,Blue,2,2905,5810
911,C911,21,10,2024,Trichy,Female,42,Clothing,Women,Zara,Zara Product,Large,4,1742,6968
912,C912,4,8,2024,Coimbatore,Female,58,Beauty,Skincare,Nivea,Nivea Product,Red,5,1655,8275
913,C913,27,1,2024,Trichy,Female,19,Clothing,Men,Nike,Nike Product,Medium,3,1886,5658
914,C914,10,4,2024,Trichy,Male,47,Electronics,Mobile,OnePlus,OnePlus Product,Red,2,2876,5752
915,C915,13,7,2024,Madurai,Male,26,Home,Kitchen,Pigeon,Pigeon Product,128GB,1,3386,3386
916,C916,5,4,2024,Madurai,Female,45,Grocery,Food,Tata,Tata Product,Large,5,2742,13710
917,C917,7,10,2024,Trichy,Female,35,Clothing,Men,Nike,Nike Product,Medium,1,3470,3470
918,C918,26,10,2024,Madurai,Female,54,Sports,Equipment,SG,SG Product,Large,1,946,946
919,C919,21,5,2024,Chennai,Female,37,Sports,Fitness,Decathlon,Decathlon Product,Blue,2,3739,7478
920,C920,13,8,2024,Madurai,Male,43,Grocery,Beverages,CocaCola,CocaCola Product,256GB,2,2442,4884
921,C921,18,11,2024,Coimbatore,Male,31,Sports,Equipment,Yonex,Yonex Product,Small,1,1061,1061
922,C922,25,9,2024,Coimbatore,Female,46,Clothing,Women,Zara,Zara Product,Large,1,3986,3986
923,C923,3,1,2024,Chennai,Female,39,Grocery,Food,Tata,Tata Product,Medium,1,287,287
924,C924,4,5,2024,Madurai,Female,60,Grocery,Food,Aashirvaad,Aashirvaad Product,Medium,1,876,876
925,C925,22,9,2024,Madurai,Female,26,Sports,Equipment,Yonex,Yonex Product,Blue,1,1023,1023
926,C926,10,3,2024,Salem,Female,28,Electronics,Accessories,Logitech,Logitech Product,128GB,3,1457,4371
927,C927,12,8,2024,Madurai,Male,20,Grocery,Beverages,Pepsi,Pepsi Product,128GB,1,4483,4483
928,C928,22,11,2024,Salem,Female,37,Sports,Fitness,Decathlon,Decathlon Product,Red,4,1852,7408
929,C929,12,4,2024,Madurai,Male,23,Electronics,Mobile,Apple,Apple Product,Red,3,1774,5322
930,C930,22,11,2024,Salem,Male,24,Grocery,Beverages,CocaCola,CocaCola Product,Red,4,4398,17592
931,C931,27,2,2024,Coimbatore,Female,53,Grocery,Beverages,CocaCola,CocaCola Product,Large,4,3705,14820
932,C932,8,2,2024,Madurai,Male,40,Beauty,Skincare,Nivea,Nivea Product,Medium,3,298,894
933,C933,7,7,2024,Chennai,Male,22,Grocery,Food,Aashirvaad,Aashirvaad Product,Red,1,1990,1990
934,C934,10,7,2024,Trichy,Female,24,Grocery,Beverages,Pepsi,Pepsi Product,Red,5,2857,14285
935,C935,23,11,2024,Chennai,Male,39,Clothing,Kids,H&M,H&M Product,256GB,4,753,3012
936,C936,1,6,2024,Trichy,Female,42,Home,Furniture,Ikea,Ikea Product,Blue,1,1216,1216
937,C937,8,5,2024,Chennai,Male,57,Electronics,Laptop,HP,HP Product,Small,4,2629,10516
938,C938,5,4,2024,Chennai,Male,59,Electronics,Laptop,Lenovo,Lenovo Product,Large,4,2892,11568
939,C939,9,3,2024,Coimbatore,Male,51,Sports,Equipment,Yonex,Yonex Product,Blue,3,3007,9021
940,C940,7,4,2024,Trichy,Male,60,Clothing,Kids,Zara Kids,Zara Kids Product,Large,4,4471,17884
941,C941,6,6,2024,Chennai,Male,22,Sports,Fitness,Decathlon,Decathlon Product,Red,2,1872,3744
942,C942,3,3,2024,Madurai,Male,33,Home,Furniture,HomeTown,HomeTown Product,128GB,4,2751,11004
943,C943,24,3,2024,Madurai,Male,45,Clothing,Kids,Zara Kids,Zara Kids Product,Small,3,4922,14766
944,C944,21,8,2024,Madurai,Female,48,Electronics,Mobile,Samsung,Samsung Product,Medium,2,4056,8112
945,C945,14,8,2024,Trichy,Female,27,Sports,Fitness,Decathlon,Decathlon Product,Medium,1,2659,2659
946,C946,18,10,2024,Madurai,Male,34,Sports,Equipment,SG,SG Product,Medium,3,3273,9819
947,C947,20,9,2024,Chennai,Male,39,Clothing,Kids,H&M,H&M Product,Blue,2,1753,3506
948,C948,1,1,2024,Trichy,Female,49,Sports,Equipment,SG,SG Product,128GB,3,3346,10038
949,C949,10,8,2024,Trichy,Male,44,Electronics,Laptop,Dell,Dell Product,Large,2,1791,3582
950,C950,9,7,2024,Coimbatore,Female,58,Grocery,Food,Tata,Tata Product,128GB,4,3673,14692
951,C951,8,12,2024,Madurai,Female,20,Beauty,Makeup,Lakme,Lakme Product,128GB,2,2340,4680
952,C952,15,10,2024,Madurai,Female,33,Home,Furniture,Ikea,Ikea Product,Red,1,3348,3348
953,C953,23,7,2024,Trichy,Male,51,Clothing,Women,Zara,Zara Product,256GB,4,2271,9084
954,C954,10,12,2024,Trichy,Female,55,Beauty,Makeup,Maybelline,Maybelline Product,256GB,1,1095,1095
955,C955,19,11,2024,Coimbatore,Male,35,Grocery,Beverages,Pepsi,Pepsi Product,128GB,3,252,756
956,C956,27,3,2024,Chennai,Male,24,Electronics,Accessories,JBL,JBL Product,Large,4,2562,10248
957,C957,14,12,2024,Madurai,Male,41,Clothing,Kids,Zara Kids,Zara Kids Product,Blue,4,1690,6760
958,C958,4,9,2024,Chennai,Male,29,Clothing,Men,Puma,Puma Product,Blue,2,2324,4648
959,C959,15,7,2024,Trichy,Male,58,Clothing,Men,Adidas,Adidas Product,Red,4,1221,4884
960,C960,3,5,2024,Coimbatore,Male,55,Clothing,Women,H&M,H&M Product,128GB,1,277,277
961,C961,9,1,2024,Salem,Male,24,Clothing,Kids,Zara Kids,Zara Kids Product,Medium,5,4460,22300
962,C962,16,5,2024,Chennai,Female,56,Sports,Equipment,SG,SG Product,128GB,3,2782,8346
963,C963,12,4,2024,Chennai,Female,57,Electronics,Mobile,Samsung,Samsung Product,256GB,1,225,225
964,C964,28,8,2024,Chennai,Male,19,Home,Furniture,HomeTown,HomeTown Product,128GB,2,3218,6436
965,C965,20,8,2024,Chennai,Female,60,Clothing,Men,Puma,Puma Product,256GB,3,336,1008
966,C966,12,11,2024,Salem,Female,46,Clothing,Kids,H&M,H&M Product,Medium,5,866,4330
967,C967,14,6,2024,Chennai,Male,42,Beauty,Makeup,Lakme,Lakme Product,128GB,2,4460,8920
968,C968,26,10,2024,Trichy,Male,26,Sports,Fitness,Decathlon,Decathlon Product,256GB,5,4024,20120
969,C969,15,3,2024,Salem,Female,60,Home,Furniture,Ikea,Ikea Product,Blue,2,932,1864
970,C970,14,2,2024,Salem,Male,38,Sports,Equipment,Yonex,Yonex Product,128GB,3,4101,12303
971,C971,4,11,2024,Madurai,Female,23,Grocery,Food,Tata,Tata Product,Large,5,729,3645
972,C972,11,11,2024,Chennai,Female,59,Grocery,Food,Tata,Tata Product,Blue,3,1147,3441
973,C973,3,5,2024,Salem,Male,39,Grocery,Beverages,CocaCola,CocaCola Product,Large,3,1243,3729
974,C974,13,6,2024,Trichy,Male,37,Electronics,Accessories,Boat,Boat Product,Blue,4,3670,14680
975,C975,25,6,2024,Coimbatore,Male,51,Grocery,Beverages,CocaCola,CocaCola Product,Medium,1,4609,4609
976,C976,11,8,2024,Madurai,Female,32,Sports,Equipment,Yonex,Yonex Product,Large,3,1394,4182
977,C977,22,12,2024,Salem,Female,37,Home,Furniture,HomeTown,HomeTown Product,256GB,5,4118,20590
978,C978,27,11,2024,Madurai,Female,36,Grocery,Food,Tata,Tata Product,256GB,3,1450,4350
979,C979,7,12,2024,Madurai,Male,29,Sports,Equipment,SG,SG Product,256GB,2,376,752
980,C980,13,9,2024,Coimbatore,Female,48,Beauty,Haircare,Dove,Dove Product,Red,5,2518,12590
981,C981,23,5,2024,Madurai,Female,24,Clothing,Women,Forever21,Forever21 Product,256GB,1,2690,2690
982,C982,21,8,2024,Madurai,Male,46,Grocery,Food,Aashirvaad,Aashirvaad Product,Blue,2,1986,3972
983,C983,7,12,2024,Salem,Female,54,Electronics,Accessories,Logitech,Logitech Product,Medium,4,1578,6312
984,C984,4,1,2024,Coimbatore,Female,29,Electronics,Laptop,Lenovo,Lenovo Product,128GB,3,3753,11259
985,C985,21,3,2024,Chennai,Male,20,Electronics,Laptop,Dell,Dell Product,Medium,3,1613,4839
986,C986,24,11,2024,Chennai,Male,47,Grocery,Food,Aashirvaad,Aashirvaad Product,128GB,4,3209,12836
987,C987,4,1,2024,Salem,Male,25,Sports,Fitness,Decathlon,Decathlon Product,Large,5,4890,24450
988,C988,9,8,2024,Salem,Male,42,Sports,Equipment,SG,SG Product,Large,2,1014,2028
989,C989,3,6,2024,Trichy,Male,43,Grocery,Beverages,Pepsi,Pepsi Product,Large,5,4542,22710
990,C990,3,8,2024,Trichy,Male,31,Grocery,Beverages,CocaCola,CocaCola Product,256GB,5,1674,8370
991,C991,18,1,2024,Chennai,Female,25,Electronics,Laptop,Lenovo,Lenovo Product,Blue,2,919,1838
992,C992,9,9,2024,Salem,Male,25,Home,Kitchen,Pigeon,Pigeon Product,Large,2,3665,7330
993,C993,1,11,2024,Madurai,Female,20,Home,Kitchen,Pigeon,Pigeon Product,Blue,5,4217,21085
994,C994,11,12,2024,Trichy,Female,56,Home,Furniture,Ikea,Ikea Product,128GB,1,2142,2142
995,C995,7,1,2024,Madurai,Female,31,Clothing,Kids,Zara Kids,Zara Kids Product,Large,3,2472,7416
996,C996,24,3,2024,Trichy,Female,22,Home,Kitchen,Pigeon,Pigeon Product,Medium,2,3477,6954
997,C997,3,8,2024,Coimbatore,Female,27,Home,Furniture,Ikea,Ikea Product,128GB,3,1778,5334
998,C998,12,12,2024,Trichy,Male,44,Clothing,Women,H&M,H&M Product,Medium,1,2227,2227
999,C999,9,2,2024,Salem,Male,53,Sports,Fitness,Decathlon,Decathlon Product,128GB,1,3172,3172
1000,C1000,25,6,2024,Coimbatore,Male,32,Beauty,Skincare,Nivea,Nivea Product,Medium,2,3301,6602
